claim_id,exhibit,claim,value,ci95,n,source_json,json_path,code,sha256_16,path_status
C001,Table2,동류교배(투자사×연도 셀) [표시단위는 원고 참조],0.0667,"[5.56, 7.95]",154123,harness50/out/I73.json,estimates.homophily,harness50/i73_gender_screening.py,863805a81d962684,valid
C002,Table2,동류교배(+섹터 셀),+3.03pp,"[1.90, 4.25]",154123,harness50/out/I74.json,estimates.cell_cat,harness50/i74_gender_gates.py,a36e262171d1f234,valid
C003,Table3,판별: 후속 gap_ff (스테이지 셀),+0.77pp,"[-2.03, +3.31]",15390,harness50/out/I80.json,estimates.fon_stagecell,harness50/i80_stage_control.py,fb83abc2c33f6233,valid (v1 전시물 — v2 robustness 절 참조)
C004,Table3,exit-ever gap_ff 원계수 (배치 미통제),-6.25pp,"[-11.5, -1.38]",8058,harness50/out/I78.json,estimates.exit_ever,harness50/i78_exit_battery.py,0751fc91824e3b4b,valid
C005,Table5,exit-ever gap_ff (스테이지 셀),-1.58pp,"[-5.10, +1.56]",8021,07_analysis/out/P00110.json,estimates.ladder.GLOBAL.plusstage,06_code/p001_10_gap_ladder.py,3e83106077d7afb9,valid (v2 정본 재지정)
C006,Table5,충격 결합 대비 (영입-이탈 DiD) [표시단위는 원고 참조],0.0246,"[+0.46, +4.52]",945,harness50/out/I79.json,estimates.joint_contrast,harness50/i79_shock_joint.py,007e2521b38d7918,valid (v1 전시물 — v2 robustness 절 참조)
C007,Table5,fp-초기단계 배치 연관,+3.86pp,"[2.65, 5.06]",153012,harness50/out/I80.json,estimates.fp_early_assoc,harness50/i80_stage_control.py,fb83abc2c33f6233,valid (v1 전시물 — v2 robustness 절 참조)
C101,Table1,표본: 파트너 귀속 딜 (글로벌/NA+EU) [복합값: 전체/NA+EU],154123 / 127061,-,154123,harness50/out/I73.json,estimates,06_code/build_sample_v1.py,863805a81d962684,valid
C102,Table1,커버리지: 파트너 성별 (창업자 83.2%는 C102b) [표시단위는 원고 참조],0.9416,-,154123,harness50/out/I73.json,estimates.cov_partner_gender,harness50/i73_gender_screening.py,863805a81d962684,valid
C103,Table2,E1 사다리 L0 (투자사×연도),+7.02pp,"[5.74, 8.29]",126128,07_analysis/out/P00102.json,estimates.ladder.L0_invyear,06_code/p001_02_decomposition_region.py,05bdcb840dd86032,valid
C104,Table2,E1 사다리 L1 (+섹터),+3.22pp,"[1.92, 4.69]",126128,07_analysis/out/P00102.json,estimates.ladder.L1_pluscat,06_code/p001_02_decomposition_region.py,05bdcb840dd86032,valid
C105,Table2,E1 사다리 L2 (+스테이지),+0.63pp,"[-0.58, +1.86]",126128,07_analysis/out/P00102.json,estimates.ladder.L2_plusstage,06_code/p001_02_decomposition_region.py,05bdcb840dd86032,valid
C106,Table2,매개 몫: 섹터 / 스테이지,54.1% / 36.9%,-,126128,07_analysis/out/P00102.json,estimates.mediator_share,06_code/p001_02_decomposition_region.py,05bdcb840dd86032,valid
C107,Table5,"원 격차 (ff 딜 exit_ever, 섹터 셀, 글로벌)",-6.19pp,"[-12.12, -1.62]",8021,07_analysis/out/P00110.json,estimates.ladder.GLOBAL.pluscat,06_code/p001_10_gap_ladder.py,3e83106077d7afb9,valid (v2 정본 재지정)
C108,Table5,원 격차 (NA+EU 섹터 셀),-4.47pp,"[-10.13, +0.22] (0 미배제)",7071,07_analysis/out/P00110.json,estimates.ladder.NAEU.pluscat,06_code/p001_10_gap_ladder.py,3e83106077d7afb9,valid (v2 정본 재지정)
C109,Table5,격차 소멸 (NA+EU 스테이지 셀),-0.82pp,"[-3.90, +2.79]",7071,07_analysis/out/P00110.json,estimates.ladder.NAEU.plusstage,06_code/p001_10_gap_ladder.py,3e83106077d7afb9,valid (v2 정본 재지정)
C110,TableIA9,E2 fon gap_ff (스테이지 셀),+1.01pp,"[-1.15, +3.59] MDE 3.49",13116,07_analysis/out/P00103.json,estimates.fon,06_code/p001_03_adjudication_naeu.py,ea2ff06985abf0a8,valid
C111,TableIA9,E2 배터리: ipo6 (acqp/closed 는 표4 직접) [표시단위는 원고 참조],-0.0031,각 JSON,7071,07_analysis/out/P00103.json,estimates.ipo6.gap_ff,06_code/p001_03_adjudication_naeu.py,ea2ff06985abf0a8,valid
C112,Table7,스테이지 skew: fp-초기단계 연관,+3.86pp,"[2.65, 5.06]",153012,harness50/out/I80.json,estimates.fp_early_assoc,harness50/i80_stage_control.py,fb83abc2c33f6233,valid
C113,Table7,연차 셀 잔여 (연차 평균은 표5 직접),+2.05pp,"[0.76, 3.18]",153012,harness50/out/I81.json,estimates.mb_tenurecell,harness50/i81_stage_mechanism.py,ce7d2ae3ce104ee8,valid
C114,Table7,졸업 기울기 차 (여-남),-0.42pp/년,"[-0.97, +0.13]",153012,harness50/out/I81.json,estimates.slope_diff,harness50/i81_stage_mechanism.py,ce7d2ae3ce104ee8,valid
C115,TableIA6,E3 재가중 스택 결합,+2.39pp,"[+0.18, +4.63]; perm p=.02",1173 여성사건,07_analysis/out/P00104b.json,estimates.L2_reweighted,06_code/p001_04b_stacked_fix.py,5eca82cf75236ded,valid (v2: robustness 행)
C116,TableIA6,E3 추세조정 / 파단 기울기,+4.37pp / 0.597pp/반기,"[-2.63, +11.36]",1173,07_analysis/out/P00104b.json,estimates.L3_trendadj,06_code/p001_04b_stacked_fix.py,5eca82cf75236ded,valid (v2: robustness 행)
C117,Table6,동료-딜 결합 (본인 비중 6.1%는 표6 직접),+2.06pp,"[-0.03, +4.01] (하한 knife-edge)",945,harness50/out/I82.json,estimates.colleague_joint,harness50/i82_e3_repairs.py,acf3a119ec1499cd,valid (단위 정정)
C118,Table6,E3 사전 run-up (수준),+2.2pp,"[1.3, 3.2]",945,harness50/out/I76.json,estimates.pre_runup_join_f,harness50/i76_gender_shock.py,e180c52e267cd1e8,valid
C119,Table4,귀결 A: 여성 백분위 교정폭 (조정-원시),+4.59점,"[2.59, 6.86]",2686 파트너,07_analysis/out/P00105.json,estimates.pct_diff_female,06_code/p001_05_trackrecord.py,229fd3f4ea117ced,valid
C120,Table4,상위 사분위 여성 비중 (조정) [표시단위는 원고 참조],0.0821,"Δ [-0.27, +2.52]pp",2680,07_analysis/out/P00105.json,estimates.topq_female_share_adj,06_code/p001_05_trackrecord.py,229fd3f4ea117ced,valid
C121,TableIA5,귀결 B: P(fp|ff) 단계 경로,20.2 → 17.94 → 13.38%,각 CI JSON,113066,07_analysis/out/P00106.json,estimates.p_fp_given_ff,06_code/p001_06_capital_stage.py,b3fd072cc416997a,valid
C122,TableIA5,귀결 B: 차등 경사 / 재배치 반사실,+3.89pp / +26.8%,"[1.36, 6.63]",113066,07_analysis/out/P00106.json,estimates.diff_slope,06_code/p001_06_capital_stage.py,b3fd072cc416997a,valid (canonical: P00106)
C124,TableIA2,R4 결측 선택: US / 초기 편중,+27.6pp / -16.6pp,-,193472,07_analysis/out/P00108.json,estimates.r4_missingness,06_code/p001_08_measurement_diags.py,2dde22cd8af9048d,valid
C125,Table5,"가법 4FE 격차 (글로벌, ff 딜 exit)",+0.82pp,"[-5.11, +6.76]",8021,07_analysis/out/P00115.json,estimates.GLOBAL.exit_additive,06_code/p001_15_gmwx_staircase_ff.py,3ac2b005237be7fd,valid
C126,TableIA9,"해저드 격차 (연, 조정)",-0.24pp/yr,"[-0.78, +0.34]; 기저 6.19%/yr; ±25% 배제",37416,07_analysis/out/P00112.json,estimates.hazard_gap_per_yr,06_code/p001_12_covadj_hazard.py,c67008ef0d2004a0,valid
C127,TableIA9,조정 배터리 fon,+0.83pp,"[-1.02, +3.00]",13116,07_analysis/out/P00112.json,estimates.battery_adj.fon,06_code/p001_12_covadj_hazard.py,c67008ef0d2004a0,valid
C128,TableIA9,Romano-Wolf 최소 조정 p,0.64,-,7071,07_analysis/out/P00113.json,estimates.rw_adjusted_p,06_code/p001_13_battery_joint.py,0bf0cfdeb8cf9cab,valid
C129,Table5,E2 순열 p (fon/exit),0.52 / 0.65,-,-,07_analysis/out/P00114.json,estimates.e2_perm,06_code/p001_14_tier2_robust.py,fe862cd999c272f9,valid
C130,Table2,역순 사다리 (스테이지 먼저),+5.82pp,"[+4.54, +7.20]",126128,07_analysis/out/P00114.json,estimates.ladder_reverse.stage_first,06_code/p001_14_tier2_robust.py,fe862cd999c272f9,valid
C131,Table2,배치 총몫 / 섹터 / 스테이지 bracket,91.0% / 54-74% / 17-37%,-,126128,07_analysis/out/P00114.json,estimates.share_bracket,06_code/p001_14_tier2_robust.py,fe862cd999c272f9,valid
C132,TableIA6,"영입 마진 (딜 수준, 재가중)",+2.83pp,"[+1.49, +3.99]",242388,07_analysis/out/P00111.json,estimates.join,06_code/p001_11_e3_deal_level.py,0ad5962a1bd7c2b7,valid
C133,TableIA6,이탈 마진 (딜 수준),+0.88pp,"[-1.71, +3.15]",242388,07_analysis/out/P00111.json,estimates.exit,06_code/p001_11_e3_deal_level.py,0ad5962a1bd7c2b7,valid
C134,TableIA6,동료-딜 결합 (딜 수준),+1.95pp,"[-0.14, +4.21]",242388,07_analysis/out/P00111.json,estimates.colleague_joint,06_code/p001_11_e3_deal_level.py,0ad5962a1bd7c2b7,valid
C135,TableIA6,영입 감도 δ* [표시단위는 원고 참조],0.4,-,126128,07_analysis/out/P00114b.json,estimates.delta_star,06_code/p001_14b_join_sensitivity.py,4709aa3766d3e32b,valid
C136,TableIA6,딜 수준 결합 대비,+1.95pp,"[-0.14, +4.13]",242388,07_analysis/out/P00111.json,estimates.joint_contrast,06_code/p001_11_e3_deal_level.py,0ad5962a1bd7c2b7,valid
C137,TableIA7,커리어: 조정 랭크 β (given raw),+1.55,"[+1.27, +1.84]",2680,07_analysis/out/P00118b.json,estimates.beta_adj_given_raw,06_code/p001_18b_career_fix.py,47f71a1fba20cac2,valid
C138,TableIA7,커리어: 원시 랭크 β (given adj),-1.74,"[-2.06, -1.41]",2680,07_analysis/out/P00118b.json,estimates.beta_raw_given_adj,06_code/p001_18b_career_fix.py,47f71a1fba20cac2,valid
C139,TableIA5,경사: 판정가능성 재가중,+4.38pp,"[+1.81, +7.10]",113066,07_analysis/out/P00117.json,estimates.slope_reweighted,06_code/p001_17_ladder_reweight.py,20b448dca8398a49,valid
C140,TableIA5,경사: 다수-여성 정의,+3.71pp,"[+0.72, +6.79]",113066,07_analysis/out/P00117.json,estimates.slope_majority_female,06_code/p001_17_ladder_reweight.py,20b448dca8398a49,valid
C141,TableIA5,[SUPERSEDED -> C164 (P00124.json)] S&S 행: 리드 fp_share 高 raw,+6.15pp,"[+1.50, +10.37]",4197,07_analysis/out/P00119.json,estimates.lead_fp_share_hi.raw_yearFE,06_code/p001_19_ss_row.py,9696dd98aac550e9,SUPERSEDED
C142,TableIA2,살리언스 지문: ff×fp_share→귀속,+2.45pp,"[+0.43, +4.34]",330994,07_analysis/out/P00116.json,estimates.attr_ff_x_fpshare,06_code/p001_16_meas_diags2.py,89894ca6a52567ae,valid
C143,TableIA2,"E1 스테이지층, generic 라벨 제외",+0.56pp,"[-0.71, +2.12]",113940,07_analysis/out/P00116.json,estimates.e1_stage_excl_generic,06_code/p001_16_meas_diags2.py,89894ca6a52567ae,valid
C144,§4,"전체 딜 격차 (NA+EU, 연도만)",-1.97pp,"[-4.64, +0.76]",49491,07_analysis/out/P00101.json,estimates.exit6.s0_year,06_code/p001_01_gmwx_staircase.py,9e1813772ffa1937,valid
C145,§3,E1 원 연관 순열 p [표시단위는 원고 참조],0.0,(200 draws p=0.000),154123,harness50/out/I74.json,estimates.perm_p,harness50/i74_gender_gates.py,a36e262171d1f234,valid
C146,§3,"I-81 결과검정 (초기딜 fon, 정확 셀)",-1.01pp,"[-2.90, +0.71]",24601,07_analysis/out/P00108.json,estimates.becker_fon_finestage,06_code/p001_08_measurement_diags.py,2dde22cd8af9048d,valid
C123a,TableIA2,귀속 중립성 상관,-0.022,"[-0.042, 0.000]",8090,07_analysis/out/P00108.json,estimates.r2_attr_fp_corr,06_code/p001_08_measurement_diags.py,2dde22cd8af9048d,valid
C123b,TableIA2,프로필 충실 E1 섹터층,+3.63pp,"[+2.17, +5.19]",104232,07_analysis/out/P00107.json,estimates.A_e1_sector.T4_profile_rich,06_code/p001_07_robustness_grid.py,a1cef2be935e9c53,valid
C147,TableIA9,조정 배터리 exit_ever,-0.77pp,"[-3.90, +2.52]",7071,07_analysis/out/P00112.json,estimates.battery_adj.exit_ever,06_code/p001_12_covadj_hazard.py,c67008ef0d2004a0,valid
C148,TableIA9,조정 배터리 acqp6,+0.64pp,"[-0.26, +2.41]",7071,07_analysis/out/P00112.json,estimates.battery_adj.acqp6,06_code/p001_12_covadj_hazard.py,c67008ef0d2004a0,valid
C149,TableIA9,조정 배터리 ipo6,-0.23pp,"[-1.97, +1.77]",7071,07_analysis/out/P00112.json,estimates.battery_adj.ipo6,06_code/p001_12_covadj_hazard.py,c67008ef0d2004a0,valid
C150,TableIA9,조정 배터리 closed6,+1.38pp,"[-0.71, +3.87]",7071,07_analysis/out/P00112.json,estimates.battery_adj.closed6,06_code/p001_12_covadj_hazard.py,c67008ef0d2004a0,valid
C151,TableIA5,[SUPERSEDED -> C164 (P00124.json)] S&S 셀 조정 (fp_share),+4.09pp,"[-0.40, +9.18]",4197,07_analysis/out/P00119.json,estimates.lead_fp_share_hi.cells,06_code/p001_19_ss_row.py,9696dd98aac550e9,SUPERSEDED
C152,TableIA6,딜 수준 사건 수 (전체/여성 포함) [복합값],4788 / 1173,-,242388,07_analysis/out/P00111.json,estimates,06_code/p001_11_e3_deal_level.py,0ad5962a1bd7c2b7,valid
C153,Table8,외부 평가자 관측 가능성 (스핀아웃 / 신생사 펀드조성),379 / 221 (58.3%),-,2680,07_analysis/out/P00123.json,estimates.A6_LP_side,06_code/p001_23_audit_p22.py,220e1aa165b56027,valid
C154,Table8,신생사 펀드조성 ← terrain (wedge),+0.506,"[0.150, 0.847]",379,07_analysis/out/P00125.json,estimates.B2_joint_RI.individual.lp_any,06_code/p001_25_wedge_decisive.py,7fc770dcf97d1a88,valid
C155,Table8,신생사 log 조성액 ← terrain,+2.490,"[0.960, 3.955]",197,07_analysis/out/P00125.json,estimates.B2_joint_RI.individual.lp_amt,06_code/p001_25_wedge_decisive.py,7fc770dcf97d1a88,valid
C156,Table8,수용 회사 품질 ← terrain,+1.227,"[0.313, 2.156]",710,07_analysis/out/P00125.json,estimates.B2_joint_RI.individual.recv_q,06_code/p001_25_wedge_decisive.py,7fc770dcf97d1a88,valid
C157,Table8,외부 평가자 3결과 결합 무작위추론 p [0 of 400 permutations; report as p < 0.003],0.0000,-,2680,07_analysis/out/P00125.json,estimates.B2_joint_RI.joint_RI_p,06_code/p001_25_wedge_decisive.py,7fc770dcf97d1a88,valid
C158,Table8,사후기 조정성과 ← raw_pct (adj_pct 통제),+0.0911,"[0.0261, 0.1509]",2169,07_analysis/out/P00125.json,estimates.B1_wedge_predicts_future,06_code/p001_25_wedge_decisive.py,7fc770dcf97d1a88,valid
C159,Table8,동일 계수 (leave-one-out 셀평균),+0.0958,"[0.0209, 0.1639]",2155,07_analysis/out/P00127.json,estimates.B LOO,06_code/p001_27_loo_cellmean.py,124a3670f1c1f461,valid
C160,Table8,(대조) 사후기 조정성과 ← adj_pct,+0.2434,"[0.2066, 0.2804]",2169,07_analysis/out/P00125.json,estimates.B1b_control_adj_predicts_future,06_code/p001_25_wedge_decisive.py,7fc770dcf97d1a88,valid
C161,Table8,여성 파트너의 terrain (fp → wedge),-0.0497,"[-0.0755, -0.0273]",2680,07_analysis/out/P00126.json,estimates.G1_fp_to_wedge,06_code/p001_26_wedge_gender.py,1f7083c5dea907b4,valid
C162,Table8,여성 파트너의 사후기 조정성과 (fp → post_adj),-0.0040,"[-0.0401, 0.0339]",2169,07_analysis/out/P00126.json,estimates.G2_fp_to_future_adj,06_code/p001_26_wedge_gender.py,1f7083c5dea907b4,valid
C163,TableIA2,경마 사양 진단 (rho / VIF / 식별지분),0.8613 / 7.31 / 13.7%,-,2680,07_analysis/out/P00123.json,estimates.A2_collinearity,06_code/p001_23_audit_p22.py,220e1aa165b56027,valid
C164,TableIA5,S&S 교정 재실행 (전원여성 리드; Cox HR),0.990,"[-0.831, 0.466] (log hazard)",421,07_analysis/out/P00124.json,estimates.S1|처치 단독,06_code/p001_24_ss_rerun_cox.py,c775cc3ea9c1d08a,valid
C165,TableIA2,사후기 관측 선택: has_post ← composition component (percentile-point 단위),-0.4316,"[-0.5282, -0.3238]",2654,07_analysis/out/P00128.json,estimates.S1_selection_on_wedge.coef,06_code/p001_28_selection_terrain.py,ff4d93650effa6e6,valid
C166,Table8,IPW 재추정: post_adj ← raw_pct | adj_pct (관측확률 역가중),0.0865,"[0.0098, 0.1588]",2155,07_analysis/out/P00128.json,estimates.S2_ipw.coef,06_code/p001_28_selection_terrain.py,ff4d93650effa6e6,valid
C167,Table8,무조건 terrain (level) → post_adj,0.13839,"[0.0718, 0.2083]",2155,07_analysis/out/P00128.json,estimates.S3_terrain_unconditional_level.coef,06_code/p001_28_selection_terrain.py,ff4d93650effa6e6,valid
C168,Table8,레벨 단위: raw | adj → post_adj,0.09205,"[0.0161, 0.1546]",2155,07_analysis/out/P00128.json,estimates.S4_raw_given_adj_level.coef,06_code/p001_28_selection_terrain.py,ff4d93650effa6e6,valid
C169,TableIA2,사후기 딜 중 사전기 투자기업 후속 비중,0.2764,-,2654,07_analysis/out/P00129.json,estimates.share_post_deals_overlapping_pre_companies,06_code/p001_29_overlap_stage.py,8a2f695d2af692c0,valid
C170,Table8,기업 중복 제외 후: post_adj_excl ← raw_pct | adj_pct,0.08102,"[0.0136, 0.1466]",1852,07_analysis/out/P00129.json,estimates.T1_excl_overlap.coef,06_code/p001_29_overlap_stage.py,8a2f695d2af692c0,valid
C171,TableIA2,펀드조성 ← composition | late_sh 통제,0.46010,"[-0.0557, 1.0003]",-,07_analysis/out/P00129.json,estimates.T2_late_stage_control.lp_any.with_late_ctrl.coef,06_code/p001_29_overlap_stage.py,8a2f695d2af692c0,valid
C172,TableIA2,log 조성액 ← composition | late_sh 통제,0.67932,"[-1.3833, 2.7378]",-,07_analysis/out/P00129.json,estimates.T2_late_stage_control.lp_amt.with_late_ctrl.coef,06_code/p001_29_overlap_stage.py,8a2f695d2af692c0,valid
C173,TableIA2,수용사 품질 ← composition | late_sh 통제,0.71625,"[-0.8019, 2.3170]",707,07_analysis/out/P00129.json,estimates.T2_late_stage_control.recv_q.with_late_ctrl.coef,06_code/p001_29_overlap_stage.py,8a2f695d2af692c0,valid
C174,TableIA2,log 조성액 ← late_sh (자체),1.41742,"[0.7210, 2.1405]",-,07_analysis/out/P00129.json,estimates.T2_late_stage_control.lp_amt.late_sh_own.coef,06_code/p001_29_overlap_stage.py,8a2f695d2af692c0,valid
C175,Table8,무조건 composition 백분위 (wedge) → post_adj,-0.04253,"[-0.1151, 0.0241]",2155,07_analysis/out/P00129.json,estimates.T3_unconditional_percentile.coef,06_code/p001_29_overlap_stage.py,8a2f695d2af692c0,valid
C176,Table8,"여성 파트너 composition, LOO 벤치마크 (fp → wedge)",-0.05147,"[-0.0802, -0.0236]",2654,07_analysis/out/P00127.json,estimates.gender_recheck.LOO.fp_to_wedge.coef,06_code/p001_27_loo_cellmean.py,124a3670f1c1f461,valid
C179,Table8,총 terrain → post_adj (분해 사양 재현),0.0921,"[0.032, 0.164]",2155,07_analysis/out/P00130.json,estimates.R1t_total.terrain.coef,06_code/p001_30_terrain_decomp.py,b103f1d3442bcdbf,valid
C180,Table8,같은 회귀의 adj 계수 (40% 비율의 올바른 분모),0.3307,"[0.288, 0.382]",2155,07_analysis/out/P00130.json,estimates.R1t_total.adj.coef,06_code/p001_30_terrain_decomp.py,b103f1d3442bcdbf,valid
C181,Table8,총 terrain + 연공 통제,0.0752,"[-0.010, 0.160]",2155,07_analysis/out/P00130.json,estimates.R2t_total_tenure.terrain.coef,06_code/p001_30_terrain_decomp.py,b103f1d3442bcdbf,valid
C182,Table8,"총 terrain, 회사 FE",0.0883,"[-0.063, 0.270]",1616,07_analysis/out/P00130.json,estimates.R4t_total_firmFE.terrain.coef,06_code/p001_30_terrain_decomp.py,b103f1d3442bcdbf,valid
C183,Table8,섹터|연도·단계 성분 (분해),0.1613,"[0.016, 0.325]",2155,07_analysis/out/P00130.json,estimates.R1_decomp.t_cs.coef,06_code/p001_30_terrain_decomp.py,b103f1d3442bcdbf,valid
C184,Table8,섹터|연도·단계 성분 + 연공,0.1547,"[0.004, 0.312]",2155,07_analysis/out/P00130.json,estimates.R2_tenure.t_cs.coef,06_code/p001_30_terrain_decomp.py,b103f1d3442bcdbf,valid
C185,Table8,빈티지 성분 (분해),0.0581,"[-0.112, 0.258]",2155,07_analysis/out/P00130.json,estimates.R1_decomp.t_v.coef,06_code/p001_30_terrain_decomp.py,b103f1d3442bcdbf,valid
C186,Table8,고정지평(fon 36m): terrain_fon → post_fon_adj,0.0437,"[-0.164, 0.233]",2009,07_analysis/out/P00130.json,estimates.R5_fixed_horizon.terrain_fon.coef,06_code/p001_30_terrain_decomp.py,b103f1d3442bcdbf,valid
C187,Table8,고정지평 대조: adj_fon → post_fon_adj,0.2507,"[0.156, 0.355]",2009,07_analysis/out/P00130.json,estimates.R5_fixed_horizon.adj_fon.coef,06_code/p001_30_terrain_decomp.py,b103f1d3442bcdbf,valid
C188,Table8,leave-partner-out: raw_lpo | adj_lpo,0.0936,"[0.021, 0.155]",2155,07_analysis/out/P00130.json,estimates.R6_leave_partner_out.raw_lpo.coef,06_code/p001_30_terrain_decomp.py,b103f1d3442bcdbf,valid
C189,TableIA2,관측 선택 ← 빈티지 성분,-2.1830,"[-2.403, -1.935]",2654,07_analysis/out/P00130.json,estimates.R7_selection_decomp.t_v.coef,06_code/p001_30_terrain_decomp.py,b103f1d3442bcdbf,valid
C190,TableIA2,관측 선택 ← 연차,0.0299,"[0.004, 0.077]",2654,07_analysis/out/P00130.json,estimates.R7b_selection_tenure.tenure.coef,06_code/p001_30_terrain_decomp.py,b103f1d3442bcdbf,valid
C177,TableIA5,[SUPERSEDED -> C164 (P00124.json)] S&S 대안: 리드 귀속파트너 여성(혼성 풀링) raw,0.0226,"[0.0037, 0.0424]",1377,07_analysis/out/P00119.json,estimates.lead_fp_attr.raw_yearFE.0,06_code/p001_19_ss_row.py,9696dd98aac550e9,SUPERSEDED
C178,TableIA5,[SUPERSEDED -> C164 (P00124.json)] S&S 대안: 리드 귀속파트너 여성(혼성 풀링) cells,0.0,-,1377,07_analysis/out/P00119.json,estimates.lead_fp_attr.cells,06_code/p001_19_ss_row.py,9696dd98aac550e9,SUPERSEDED
C191,Table8,"고정 출구지평(exit3/exit3) 총 terrain → 사후 셀 내 성과, 연공 통제",0.28316,"[0.0703, 0.4854]",2009,07_analysis/out/P00133.json,estimates.A_exit3_exit3.F2t.terrain.coef,06_code/p001_33_fixed_horizon_exit.py,45f4b7f98d481225,valid
C192,Table8,"고정 출구지평(exit3/exit3) 섹터|연도·단계 성분, 연공 통제",0.28859,"[0.0258, 0.5377]",2009,07_analysis/out/P00133.json,estimates.A_exit3_exit3.F2.t_cs.coef,06_code/p001_33_fixed_horizon_exit.py,45f4b7f98d481225,valid
C193,Table8,"고정 출구지평, 사전 벤치마크 72m(exit6/exit3) 총 terrain, 연공 통제",0.15734,"[0.0404, 0.2798]",2009,07_analysis/out/P00133.json,estimates.B_exit6_exit3.F2t.terrain.coef,06_code/p001_33_fixed_horizon_exit.py,45f4b7f98d481225,valid
C194,Table8,"고정 출구지평(exit3/exit3) 총 terrain, 회사 FE",-0.0567,"[-0.3178, 0.2340]",1484,07_analysis/out/P00133.json,estimates.A_exit3_exit3.F3t.terrain.coef,06_code/p001_33_fixed_horizon_exit.py,45f4b7f98d481225,valid
C195,Table8,"고정 출구지평(exit3/exit3) 총 terrain, 사후기 새 기업 딜만",0.23202,"[0.0080, 0.4486]",1568,07_analysis/out/P00133.json,estimates.A_exit3_exit3.F4t.terrain.coef,06_code/p001_33_fixed_horizon_exit.py,45f4b7f98d481225,valid
C196,Table8,"고정 출구지평(exit3/exit3) 총 terrain, leave-company-out 벤치마크",0.31911,"[0.1296, 0.5166]",1995,07_analysis/out/P00133.json,estimates.A_exit3_exit3.F5t.terrain.coef,06_code/p001_33_fixed_horizon_exit.py,45f4b7f98d481225,valid
C197,TableIA2,"고정 출구지평 총 terrain 표준화 계수(sd 단위), A 조합",0.0840,-,2009,07_analysis/out/P00133.json,estimates.A_exit3_exit3.F2t.terrain.beta_std,06_code/p001_33_fixed_horizon_exit.py,45f4b7f98d481225,valid
C198,TableIA2,고정지평에서 빈티지 성분 sd (A 조합),0.0152,-,2654,07_analysis/out/P00133.json,estimates.A_exit3_exit3.sd_t_v,06_code/p001_33_fixed_horizon_exit.py,45f4b7f98d481225,valid
C199,TableIA2,사후기 딜 중 사전기 동일 기업 반복 비중 (고정지평 창),0.2182,-,2009,07_analysis/out/P00133.json,estimates.A_exit3_exit3.share_repeat_company_post,06_code/p001_33_fixed_horizon_exit.py,45f4b7f98d481225,valid
C200,Table8,고정 후속지평(fon/fon) 총 terrain — P001-30 R5 재현,0.04370,"[-0.1673, 0.2442]",2009,07_analysis/out/P00133.json,estimates.C_fon_fon.F1t.terrain.coef,06_code/p001_33_fixed_horizon_exit.py,45f4b7f98d481225,valid
C201,Table8,"딜 수준: 이전 연도 구성(섹터 성분) → 현재 딜 36m 출구 셀 내 잔차, 풀 + 연공 + 연도 FE",0.13715,"[0.0563, 0.2357]",35163,07_analysis/out/P00134.json,estimates.D2_tenure_year.t_cs_pr.coef,06_code/p001_34_deal_rolling_fe.py,4a6b41ee108b8150,valid
C202,Table8,"딜 수준: 같은 계수, 회사×연 FE",0.04661,"[-0.0886, 0.1662]",25471,07_analysis/out/P00134.json,estimates.D3_firmyear_FE.t_cs_pr.coef,06_code/p001_34_deal_rolling_fe.py,4a6b41ee108b8150,valid
C203,Table8,"딜 수준: 총 terrain, 회사×연 FE",0.05624,"[-0.0651, 0.1675]",25471,07_analysis/out/P00134.json,estimates.D3t_total_firmyear_FE.terrain_pr.coef,06_code/p001_34_deal_rolling_fe.py,4a6b41ee108b8150,valid
C204,TableIA2,딜 수준 회사×연 FE 사양의 MDE80 (섹터 성분),0.1786,-,25471,07_analysis/out/P00134.json,estimates.D3_firmyear_FE.t_cs_pr.mde80,06_code/p001_34_deal_rolling_fe.py,4a6b41ee108b8150,valid
C205,Table8,"딜 수준: 섹터 성분, 회사×연 FE, 새 기업 딜만 (필터 후 파트너≥2 셀)",0.11728,"[-0.0866, 0.3158]",11630,07_analysis/out/P00134.json,estimates.D3n_new_company_firmyear_FE.t_cs_pr.coef,06_code/p001_34_deal_rolling_fe.py,4a6b41ee108b8150,valid
C206,Table8,"딜 수준: 총 terrain, 파트너 FE, 군집=파트너 (탐색 X6)",0.23527,"[0.0156, 0.4508]",34727,07_analysis/out/P00134.json,estimates.D4t_total_partner_FE.terrain_pr.coef,06_code/p001_34_deal_rolling_fe.py,4a6b41ee108b8150,valid
C207,TableIA2,딜 수준 표본: 회사×연(파트너≥2) 셀 수,2391,-,25471,07_analysis/out/P00134.json,estimates.desc_exit3.n_firm_years_multi,06_code/p001_34_deal_rolling_fe.py,4a6b41ee108b8150,valid
C208,TableIA2,"딜 수준: exit_ever 구성물, 회사×연 FE 섹터 성분",0.00179,"[-0.1550, 0.1674]",33441,07_analysis/out/P00134.json,estimates.D0fe_firmyear_exit_ever.t_cs_pr.coef,06_code/p001_34_deal_rolling_fe.py,4a6b41ee108b8150,valid
C209,TableIA2,P001-30 R4(회사 FE) 섹터 성분 MDE80,0.3284,-,1616,07_analysis/out/P00131.json,estimates.A_mde.R4_firm_FE.t_cs.mde80,06_code/p001_31_gate_power.py,62e41f83f854271a,valid
C210,TableIA2,P001-30 R4t(회사 FE) 총 terrain MDE80,0.238,-,1616,07_analysis/out/P00131.json,estimates.A_mde.R4t_total_firmFE.terrain.mde80,06_code/p001_31_gate_power.py,62e41f83f854271a,valid
C211,TableIA2,R4 표본에서 섹터 성분의 within-firm 분산 비중,0.6208,-,1616,07_analysis/out/P00131.json,estimates.C_within_share.t_cs.within_share,06_code/p001_31_gate_power.py,62e41f83f854271a,valid
C212,TableIA2,R4 표본에서 총 terrain 의 within-firm 분산 비중,0.3281,-,1616,07_analysis/out/P00131.json,estimates.C_within_share.terrain.within_share,06_code/p001_31_gate_power.py,62e41f83f854271a,valid
C213,TableIA2,R1 섹터 성분 max-|t| 3성분 보정 양측 p,0.1350,-,2155,07_analysis/out/P00131.json,estimates.D_multiplicity_R1.t_cs.p_two_maxT_adj,06_code/p001_31_gate_power.py,62e41f83f854271a,valid
C214,TableIA2,"섹터 성분 회사 내 편차(within) 계수, Mundlak",0.13554,"[-0.0854, 0.3551]",2155,07_analysis/out/P00132.json,estimates.W1_mundlak.dev_t_cs.coef,06_code/p001_32_firm_between_within.py,b9fccf99d20f542e,valid
C215,TableIA2,"섹터 성분 회사 평균(between) 계수, Mundlak",0.17299,"[-0.0361, 0.3968]",2155,07_analysis/out/P00132.json,estimates.W1_mundlak.fm_t_cs.coef,06_code/p001_32_firm_between_within.py,b9fccf99d20f542e,valid
C216,TableIA2,섹터 성분 반분 신뢰도 (Spearman-Brown),0.4618,-,2654,07_analysis/out/P00135.json,estimates.A_reliability.t_cs.rho_SB,06_code/p001_35_terrain_reliability.py,f1d43f10a3a6f451,valid
C217,TableIA2,총 terrain 반분 신뢰도 (Spearman-Brown),0.8360,-,2654,07_analysis/out/P00135.json,estimates.A_reliability.terrain.rho_SB,06_code/p001_35_terrain_reliability.py,f1d43f10a3a6f451,valid
C218,TableIA2,조정 성과(adj) 반분 신뢰도,0.5939,-,2654,07_analysis/out/P00135.json,estimates.A_reliability.adj.rho_SB,06_code/p001_35_terrain_reliability.py,f1d43f10a3a6f451,valid
C219,Table8,여성 파트너 총 terrain (레벨) 격차,-0.04074,"[-0.0629, -0.0181]",2654,07_analysis/out/P00136.json,estimates.G1_fp_to_component.terrain.fp.coef,06_code/p001_36_gender_components.py,b7c75195ca7dc111,valid
C220,Table8,"여성 파트너 총 terrain 격차, 연공 통제",-0.01579,"[-0.0327, 0.0018]",2654,07_analysis/out/P00136.json,estimates.G2_fp_to_component_tenure.terrain.fp.coef,06_code/p001_36_gender_components.py,b7c75195ca7dc111,valid
C221,Table8,여성 파트너 빈티지 성분 격차,-0.01828,"[-0.0286, -0.0091]",2654,07_analysis/out/P00136.json,estimates.G1_fp_to_component.t_v.fp.coef,06_code/p001_36_gender_components.py,b7c75195ca7dc111,valid
C222,Table8,여성 파트너 단계 성분 격차,-0.01536,"[-0.0285, -0.0008]",2654,07_analysis/out/P00136.json,estimates.G1_fp_to_component.t_s.fp.coef,06_code/p001_36_gender_components.py,b7c75195ca7dc111,valid
C223,Table8,여성 파트너 섹터 성분 격차,-0.00710,"[-0.0156, 0.0013]",2654,07_analysis/out/P00136.json,estimates.G1_fp_to_component.t_cs.fp.coef,06_code/p001_36_gender_components.py,b7c75195ca7dc111,valid
C224,Table8,"함의 상쇄량 총합: Σ β(fp→성분)×β(성분→사후 셀 내 성과), 연공 통제",-0.00136,"[-0.0047, 0.0008]",2155,07_analysis/out/P00136.json,estimates.G4_implied_netting.total.coef,06_code/p001_36_gender_components.py,b7c75195ca7dc111,valid
C225,TableIA2,log 조성액 ← 단계 성분,5.5354,"[2.6594, 8.3109]",196,07_analysis/out/P00137.json,estimates.lp_amt.L1.t_s.coef,06_code/p001_37_lp_components.py,b8965c144b6dbbaa,valid
C226,TableIA2,"log 조성액 ← 섹터 성분, late_sh 통제",2.78729,"[0.1731, 5.6013]",196,07_analysis/out/P00137.json,estimates.lp_amt.L2.t_cs.coef,06_code/p001_37_lp_components.py,b8965c144b6dbbaa,valid
C227,TableIA2,"log 조성액 ← 섹터 성분, late_sh + 연공 통제",2.59580,"[-0.8925, 5.3780]",196,07_analysis/out/P00137.json,estimates.lp_amt.L3.t_cs.coef,06_code/p001_37_lp_components.py,b8965c144b6dbbaa,valid
C228,TableIA2,"펀드 조성 ← 섹터 성분, late_sh + 연공 통제",0.29158,"[-0.5427, 1.0663]",377,07_analysis/out/P00137.json,estimates.lp_any.L3.t_cs.coef,06_code/p001_37_lp_components.py,b8965c144b6dbbaa,valid
C229,TableIA2,고정 출구지평 회사 FE 사양 MDE80 (총 terrain),0.4066,-,1484,07_analysis/out/P00133.json,estimates.A_exit3_exit3.F3t.terrain.mde80,06_code/p001_33_fixed_horizon_exit.py,45f4b7f98d481225,valid
C230,Table8,"고정 출구지평(exit3/exit3) 조정 성과(adj) 자체의 계수, 연공 통제 (F2t 와 같은 회귀)",0.15463,"[0.0727, 0.2527]",2009,07_analysis/out/P00133.json,estimates.A_exit3_exit3.F2t.adj.coef,06_code/p001_33_fixed_horizon_exit.py,45f4b7f98d481225,valid
C231,TableIA2,딜 수준 회사×연 FE 표본의 회사 수,658,-,25471,07_analysis/out/P00134.json,estimates.D3_firmyear_FE.n_firms,06_code/p001_34_deal_rolling_fe.py,4a6b41ee108b8150,valid
C232,TableIA2,새 기업 제한(F4t) 계수의 F2t 대비 비율(%),81.9,-,1568,07_analysis/out/P00133.json,estimates.A_exit3_exit3.pct_of_F2t_terrain.F4t,06_code/p001_33_fixed_horizon_exit.py,45f4b7f98d481225,valid
C233,TableIA2,"총 terrain 회사 내 편차(within) 계수, Mundlak",0.11530,"[-0.0172, 0.2762]",2155,07_analysis/out/P00132.json,estimates.W3_total.dev_terrain.coef,06_code/p001_32_firm_between_within.py,b9fccf99d20f542e,valid
C234,TableIA2,"총 terrain 회사 평균(between) 계수, Mundlak",0.06129,"[-0.0309, 0.1634]",2155,07_analysis/out/P00132.json,estimates.W3_total.fm_terrain.coef,06_code/p001_32_firm_between_within.py,b9fccf99d20f542e,valid
C235,TableIA2,딜 수준 회사×연 FE 사양의 MDE80 (총 terrain),0.1699,-,25471,07_analysis/out/P00134.json,estimates.D3t_total_firmyear_FE.terrain_pr.mde80,06_code/p001_34_deal_rolling_fe.py,4a6b41ee108b8150,valid
C236,TableIA2,고정 출구지평 회사 FE 사양의 MDE80 (섹터 성분),0.4368,-,1484,07_analysis/out/P00133.json,estimates.A_exit3_exit3.F3.t_cs.mde80,06_code/p001_33_fixed_horizon_exit.py,45f4b7f98d481225,valid
C237,TableIA2,빈티지 성분 반분 신뢰도 (Spearman-Brown; 반분이 셀 벤치마크를 공유 — 상한),0.9672,-,2654,07_analysis/out/P00135.json,estimates.A_reliability.t_v.rho_SB,06_code/p001_35_terrain_reliability.py,f1d43f10a3a6f451,valid
C238,TableIA2,단계 성분 반분 신뢰도 (Spearman-Brown; 상한),0.8701,-,2654,07_analysis/out/P00135.json,estimates.A_reliability.t_s.rho_SB,06_code/p001_35_terrain_reliability.py,f1d43f10a3a6f451,valid
C239,TableIA5,관측된 후기단계 여성창업×여성파트너 딜 수 (재배분 반사실의 기준),813,-,813,07_analysis/out/P00106.json,estimates.n_ff_late_fp_deals,06_code/p001_06_capital_stage.py,b3fd072cc416997a,valid
C240,TableIA6,사건 집계 설계의 자체 감쇠 기울기 (pp/반기),0.597,-,-,07_analysis/out/P00104b.json,estimates.breakdown_slope_pp_per_half,06_code/p001_04b_stacked_fix.py,5eca82cf75236ded,valid
C241,TableIA2,"corr(재직연차, composition component) — 개방지평",0.5169,-,2654,07_analysis/out/P00130.json,estimates.corr_tenure_terrain,06_code/p001_30_terrain_decomp.py,b103f1d3442bcdbf,valid
C242,TableIA2,후속(fon) 벤치마크 vs 36m 출구(exit3) 벤치마크의 셀(yss) 가중 상관,-0.2355,-,1482,07_analysis/out/P00138.json,estimates.A_stage_rates.cell_corr_fon_exit3_weighted,06_code/p001_38_fixed_horizon_recheck.py,938bd55b801df521,valid
C243,TableIA2,"후속률 단계 간 범위(PE 제외, 사전기 NAEU)",0.1866,-,-,07_analysis/out/P00138.json,estimates.A_stage_rates.fon_range_excl_pe,06_code/p001_38_fixed_horizon_recheck.py,938bd55b801df521,valid
C244,TableIA2,36m 출구율 단계 간 범위(PE 제외),0.2790,-,-,07_analysis/out/P00138.json,estimates.A_stage_rates.exit3_range_excl_pe,06_code/p001_38_fixed_horizon_recheck.py,938bd55b801df521,valid
C245,TableIA2,고정지평 Mundlak: 총 terrain between(회사평균) 계수,0.44687,"[0.1959, 0.7268]",2009,07_analysis/out/P00138.json,estimates.B3_mundlak_total_fixed.fm_terrain.coef,06_code/p001_38_fixed_horizon_recheck.py,938bd55b801df521,valid
C246,TableIA2,고정지평 Mundlak: 총 terrain within(편차) 계수,-0.02433,"[-0.2802, 0.2500]",2009,07_analysis/out/P00138.json,estimates.B3_mundlak_total_fixed.dev_terrain.coef,06_code/p001_38_fixed_horizon_recheck.py,938bd55b801df521,valid
C247,TableIA2,고정지평 Mundlak: 총 terrain 대비(within − between),-0.4712,"[-0.8537, -0.1063]",2009,07_analysis/out/P00138.json,estimates.B3_contrast_terrain.coef,06_code/p001_38_fixed_horizon_recheck.py,938bd55b801df521,valid
C248,TableIA2,고정지평 Mundlak: 섹터 성분 between,0.5054,"[0.1513, 0.8902]",2009,07_analysis/out/P00138.json,estimates.B1_mundlak_parts_fixed.fm_t_cs.coef,06_code/p001_38_fixed_horizon_recheck.py,938bd55b801df521,valid
C249,TableIA2,고정지평 Mundlak: 섹터 성분 within,0.01141,"[-0.2912, 0.2837]",2009,07_analysis/out/P00138.json,estimates.B1_mundlak_parts_fixed.dev_t_cs.coef,06_code/p001_38_fixed_horizon_recheck.py,938bd55b801df521,valid
C250,TableIA2,고정지평 Mundlak: 섹터 성분 대비,-0.49400,"[-0.9543, -0.0736]",2009,07_analysis/out/P00138.json,estimates.B1_contrast_tcs.coef,06_code/p001_38_fixed_horizon_recheck.py,938bd55b801df521,valid
C251,Table8,"함의 상쇄 총합, 고정 출구지평 (같은 구성)",-0.0006,"[-0.0047, 0.0041]",2009,07_analysis/out/P00138.json,estimates.C_implied_netting_fixed.total.coef,06_code/p001_38_fixed_horizon_recheck.py,938bd55b801df521,valid
C254,Table8,"Ex-ante 사전기(≤2014-10, 36m 창 분할 전 완결) 총 terrain, 연공 통제",0.0674,"[-0.1622, 0.3016]",1118,07_analysis/out/P00138.json,estimates.D_exante_window.exante_le_2014_10.F2t.terrain.coef,06_code/p001_38_fixed_horizon_recheck.py,938bd55b801df521,valid
C255,Table8,"거울 반쪽 사전기(2014-11~2017-10) 총 terrain, 연공 통제",0.32091,"[0.1334, 0.5029]",1293,07_analysis/out/P00138.json,estimates.D_exante_window.mirror_2014_11_to_2017_10.F2t.terrain.coef,06_code/p001_38_fixed_horizon_recheck.py,938bd55b801df521,valid
C256,Table8,"사후기 = 사전기 투자 기업의 후속 딜만, 총 terrain",0.32850,"[0.0436, 0.6071]",1587,07_analysis/out/P00138.json,estimates.E_overlap_only.F2t.terrain.coef,06_code/p001_38_fixed_horizon_recheck.py,938bd55b801df521,valid
C257,Table8,고정지평 IPW(관측확률 역가중) 총 terrain,0.26467,"[0.0038, 0.5081]",2009,07_analysis/out/P00138.json,estimates.F_ipw_fixed.F2t_ipw.terrain.coef,06_code/p001_38_fixed_horizon_recheck.py,938bd55b801df521,valid
C258,TableIA2,고정지평 표본의 사후기 관측 비중,0.757,-,2654,07_analysis/out/P00138.json,estimates.F_ipw_fixed.share_observed,06_code/p001_38_fixed_horizon_recheck.py,938bd55b801df521,valid
C259,Table8,"딜 이전 출구 제외(days ≥ 0) 총 terrain, 연공 통제",0.28316,"[0.0734, 0.4811]",2009,07_analysis/out/P00138.json,estimates.G_days_ge0.F2t.terrain.coef,06_code/p001_38_fixed_horizon_recheck.py,938bd55b801df521,valid
C260,TableIA2,"36m 출구 기저율 사후기, days ≥ 0 판",0.1388,-,-,07_analysis/out/P00138.json,estimates.G_days_ge0.base_post_pos,06_code/p001_38_fixed_horizon_recheck.py,938bd55b801df521,valid
C261,TableIA2,"36m 출구 양성 중 딜 이전 출구 비중, 사전기",0.0000,-,-,07_analysis/out/P00138.json,estimates.G_days_ge0.share_negative_lag_among_exit3_pre,06_code/p001_38_fixed_horizon_recheck.py,938bd55b801df521,valid
C262,TableIA2,"36m 출구 양성 중 딜 이전 출구 비중, 사후기",0.0000,-,-,07_analysis/out/P00138.json,estimates.G_days_ge0.share_negative_lag_among_exit3_post,06_code/p001_38_fixed_horizon_recheck.py,938bd55b801df521,valid
C263,TableIA2,"표준화 계수, 고정 F2t: 조정 성과(adj)",0.0843,-,2009,07_analysis/out/P00138.json,estimates.H_standardized.fixed_F2t.adj.beta_std,06_code/p001_38_fixed_horizon_recheck.py,938bd55b801df521,valid
C264,TableIA2,"표준화 계수, 개방 R1t: 총 terrain",0.0535,-,2155,07_analysis/out/P00138.json,estimates.H_standardized.open_R1t.terrain.beta_std,06_code/p001_38_fixed_horizon_recheck.py,938bd55b801df521,valid
C265,TableIA2,"표준화 계수, 개방 R1t: 조정 성과(adj)",0.2982,-,2155,07_analysis/out/P00138.json,estimates.H_standardized.open_R1t.adj.beta_std,06_code/p001_38_fixed_horizon_recheck.py,938bd55b801df521,valid
C266,TableIA2,Ex-ante 사전기 총 terrain 사양의 MDE80,0.3451,-,1118,07_analysis/out/P00138.json,estimates.D_exante_window.exante_le_2014_10.F2t.terrain.mde80,06_code/p001_38_fixed_horizon_recheck.py,938bd55b801df521,valid
C267,TableIA2,고정지평 반분 일치도: 섹터 성분,0.4866,-,2654,07_analysis/out/P00138.json,estimates.I_split_half_agreement_exit3.t_cs.rho_SB,06_code/p001_38_fixed_horizon_recheck.py,938bd55b801df521,valid
C268,TableIA2,고정지평 반분 일치도: 총 terrain,0.6136,-,2654,07_analysis/out/P00138.json,estimates.I_split_half_agreement_exit3.terrain.rho_SB,06_code/p001_38_fixed_horizon_recheck.py,938bd55b801df521,valid
C269,TableIA2,고정지평 반분 일치도: 조정 성과,0.4655,-,2654,07_analysis/out/P00138.json,estimates.I_split_half_agreement_exit3.adj.rho_SB,06_code/p001_38_fixed_horizon_recheck.py,938bd55b801df521,valid
C270,TableIA2,"jobs 합류일 커버리지(홈 회사 job 행, started_on 존재)",0.8768,-,2654,07_analysis/out/P00139.json,estimates.A_coverage.share_join_date,06_code/p001_39_jobs_tenure_rank.py,a9032c1005a08377,valid
C271,TableIA2,"corr(jobs 재직연차, 첫 귀속 딜 재직연차)",0.6549,-,2327,07_analysis/out/P00139.json,estimates.A_coverage.corr_tenure_j_vs_first_deal,06_code/p001_39_jobs_tenure_rank.py,a9032c1005a08377,valid
C272,Table8,"고정 출구지평 총 terrain, jobs 재직연차·직급 통제 (매칭 파트너)",0.31954,"[0.1219, 0.5288]",1781,07_analysis/out/P00139.json,estimates.C_fixed_horizon.F2t_jobs.terrain.coef,06_code/p001_39_jobs_tenure_rank.py,a9032c1005a08377,valid
C273,Table8,"고정 출구지평 총 terrain, 회사 FE + jobs 재직연차·직급",-0.1092,"[-0.4059, 0.2275]",1307,07_analysis/out/P00139.json,estimates.C_fixed_horizon.F3t_jobs.terrain.coef,06_code/p001_39_jobs_tenure_rank.py,a9032c1005a08377,valid
C274,Table8,"여성 파트너 총 terrain 격차, jobs 재직연차·직급 통제",-0.02028,"[-0.0396, 0.0001]",2327,07_analysis/out/P00139.json,estimates.D_gender_given_jobs.terrain.jobs.fp.coef,06_code/p001_39_jobs_tenure_rank.py,a9032c1005a08377,valid
C275,Table8,"여성 파트너 총 terrain 격차, 직급만 통제",-0.0388,"[-0.0640, -0.0129]",2327,07_analysis/out/P00139.json,estimates.D_gender_given_jobs.terrain.rank_only.fp.coef,06_code/p001_39_jobs_tenure_rank.py,a9032c1005a08377,valid
C276,TableIA2,"여−남 jobs 재직연차 차(년), 매칭 파트너",-1.609,-,2327,07_analysis/out/P00139.json,estimates.D_gender_given_jobs.rank_gap_female_minus_male_tenure_j,06_code/p001_39_jobs_tenure_rank.py,a9032c1005a08377,valid
C277,Table8,"고정 출구지평 총 terrain, 첫딜 연공 통제, 매칭 파트너(비교 기준)",0.29887,"[0.0921, 0.5109]",1781,07_analysis/out/P00139.json,estimates.C_fixed_horizon.F2t_TEN.terrain.coef,06_code/p001_39_jobs_tenure_rank.py,a9032c1005a08377,valid
C278,TableIA2,"관측 선택 ← 빈티지 성분, jobs 재직연차·직급 통제",-2.37016,"[-2.6954, -2.0520]",2327,07_analysis/out/P00139.json,estimates.E_selection.R7_jobs.t_v.coef,06_code/p001_39_jobs_tenure_rank.py,a9032c1005a08377,valid
C279,TableIA2,관측 선택 ← jobs 재직연차,0.01254,"[0.0055, 0.0203]",2327,07_analysis/out/P00139.json,estimates.E_selection.R7_jobs.tenure_j.coef,06_code/p001_39_jobs_tenure_rank.py,a9032c1005a08377,valid
C280,TableIA2,첫 귀속 딜이 jobs 합류일보다 앞선 파트너 비중,0.2928,-,2327,07_analysis/out/P00139.json,estimates.A_coverage.first_deal_minus_join_years.share_negative,06_code/p001_39_jobs_tenure_rank.py,a9032c1005a08377,valid
C281,TableIA2,"개방지평 총 terrain, jobs 재직연차·직급 통제 (매칭 파트너)",0.07115,"[-0.0118, 0.1575]",1906,07_analysis/out/P00139.json,estimates.B_open_horizon.R2t_jobs.terrain.coef,06_code/p001_39_jobs_tenure_rank.py,a9032c1005a08377,valid
C282,TableIA2,개방지평 Mundlak: 총 terrain 대비(within − between),0.05401,"[-0.0872, 0.2162]",2155,07_analysis/out/P00132.json,estimates.W3_contrast.coef,06_code/p001_32_firm_between_within.py,b9fccf99d20f542e,valid
C283,Table5,Table 3 동료비교(NAEU 회사×연×섹터): 양 성별 파트너 FF 딜을 모두 가진 셀 수,173,-,7071,07_analysis/out/P00140.json,estimates.NAEU.pluscat.n_mixed_cells,06_code/p001_40_identifying_cells_audit.py,bf6475e1dc1026b7,valid
C284,Table5,같은 셀들의 딜 수,427,-,7071,07_analysis/out/P00140.json,estimates.NAEU.pluscat.n_deals_mixed,06_code/p001_40_identifying_cells_audit.py,bf6475e1dc1026b7,valid
C285,Table5,같은 셀들의 딜 비중,0.0604,-,7071,07_analysis/out/P00140.json,estimates.NAEU.pluscat.share_deals_mixed,06_code/p001_40_identifying_cells_audit.py,bf6475e1dc1026b7,valid
C286,Table5,여성 파트너 FF 딜 중 같은 셀에 남성 파트너 FF 딜이 있는 비중 (NAEU),0.2365,-,833,07_analysis/out/P00140.json,estimates.NAEU.pluscat.share_fp_deals_with_peer,06_code/p001_40_identifying_cells_audit.py,bf6475e1dc1026b7,valid
C287,Table5,동료 비교가 존재하는 여성 파트너 수 (NAEU),89,-,323,07_analysis/out/P00140.json,estimates.NAEU.pluscat.n_female_partners_with_peer,06_code/p001_40_identifying_cells_audit.py,bf6475e1dc1026b7,valid
C288,Table5,NAEU FF 딜 표본의 여성 파트너 수,323,-,7071,07_analysis/out/P00140.json,estimates.NAEU.n_female_partners,06_code/p001_40_identifying_cells_audit.py,bf6475e1dc1026b7,valid
C289,Table5,"leave-one-cell-out 잭나이프 최대 이동 (pp), NAEU",0.721,-,173,07_analysis/out/P00140.json,estimates.NAEU.pluscat.jackknife.max_abs_shift_pp,06_code/p001_40_identifying_cells_audit.py,bf6475e1dc1026b7,valid
C290,Table5,"셀 내 성별 무작위 재배정 위약 |β| 95분위 (pp), NAEU 회사×연×섹터",5.511,-,400,07_analysis/out/P00140.json,estimates.NAEU.pluscat.placebo.p95_abs_pp,06_code/p001_40_identifying_cells_audit.py,bf6475e1dc1026b7,valid
C291,Table5,"위약 |β| ≥ |헤드라인| 비중, NAEU",0.115,-,400,07_analysis/out/P00140.json,estimates.NAEU.pluscat.placebo.share_ge_headline,06_code/p001_40_identifying_cells_audit.py,bf6475e1dc1026b7,valid
C292,Table5,GLOBAL 회사×연×섹터: 혼합 셀 수,190,-,8021,07_analysis/out/P00140.json,estimates.GLOBAL.pluscat.n_mixed_cells,06_code/p001_40_identifying_cells_audit.py,bf6475e1dc1026b7,valid
C293,Table5,GLOBAL: 혼합 셀 딜 수,475,-,8021,07_analysis/out/P00140.json,estimates.GLOBAL.pluscat.n_deals_mixed,06_code/p001_40_identifying_cells_audit.py,bf6475e1dc1026b7,valid
C294,Table5,GLOBAL: 혼합 셀 딜 비중,0.0592,-,8021,07_analysis/out/P00140.json,estimates.GLOBAL.pluscat.share_deals_mixed,06_code/p001_40_identifying_cells_audit.py,bf6475e1dc1026b7,valid
C295,Table5,GLOBAL 위약 |β| 95분위 (pp),4.613,-,400,07_analysis/out/P00140.json,estimates.GLOBAL.pluscat.placebo.p95_abs_pp,06_code/p001_40_identifying_cells_audit.py,bf6475e1dc1026b7,valid
C296,Table5,GLOBAL 위약 ≥ 헤드라인 비중,0.025,-,400,07_analysis/out/P00140.json,estimates.GLOBAL.pluscat.placebo.share_ge_headline,06_code/p001_40_identifying_cells_audit.py,bf6475e1dc1026b7,valid
C297,Table5,GLOBAL 잭나이프 최대 이동 (pp),0.639,-,190,07_analysis/out/P00140.json,estimates.GLOBAL.pluscat.jackknife.max_abs_shift_pp,06_code/p001_40_identifying_cells_audit.py,bf6475e1dc1026b7,valid
C298,Table5,"+stage 셀 위약 |β| 95분위 (pp), NAEU",3.279,-,400,07_analysis/out/P00140.json,estimates.NAEU.plusstage.placebo.p95_abs_pp,06_code/p001_40_identifying_cells_audit.py,bf6475e1dc1026b7,valid
C299,Table5,"+stage 셀 위약 ≥ 헤드라인 비중, NAEU",0.635,-,400,07_analysis/out/P00140.json,estimates.NAEU.plusstage.placebo.share_ge_headline,06_code/p001_40_identifying_cells_audit.py,bf6475e1dc1026b7,valid
C300,Table5,+stage 셀: 혼합 셀 수 / 딜 수 (NAEU),154,-,7071,07_analysis/out/P00140.json,estimates.NAEU.plusstage.n_mixed_cells,06_code/p001_40_identifying_cells_audit.py,bf6475e1dc1026b7,valid
C301,Table5,+stage 셀 혼합 딜 수 (NAEU),333,-,7071,07_analysis/out/P00140.json,estimates.NAEU.plusstage.n_deals_mixed,06_code/p001_40_identifying_cells_audit.py,bf6475e1dc1026b7,valid
C302,Table5,"전 딜(FF 무관) 기준 여성 파트너 딜의 동료 가용 비중, NAEU 회사×연×섹터",0.4193,-,-,07_analysis/out/P00140.json,estimates.NAEU_all_deals_fp_peer_share_cell_cat,06_code/p001_40_identifying_cells_audit.py,bf6475e1dc1026b7,valid
C303,Table5,NAEU 사전기 FF 딜 ≥5 인 여성 파트너 수,44,-,323,07_analysis/out/P00140.json,estimates.NAEU_female_partners_ge5_ff_deals,06_code/p001_40_identifying_cells_audit.py,bf6475e1dc1026b7,valid
C304,TableIA2,"딜 수준 회사×연 FE, adj_pr 통제 없음: 섹터 성분",0.03743,"[-0.1233, 0.1629]",25471,07_analysis/out/P00141.json,estimates.no_adjpr.D3.t_cs_pr.coef,06_code/p001_41_deal_rolling_no_adjpr.py,16584ff39be335d4,valid
C305,TableIA2,"딜 수준 회사×연 FE, adj_pr 통제 없음: 총 terrain",0.03747,"[-0.1025, 0.1613]",25471,07_analysis/out/P00141.json,estimates.no_adjpr.D3t.terrain_pr.coef,06_code/p001_41_deal_rolling_no_adjpr.py,16584ff39be335d4,valid
C306,TableIA2,"딜 수준 풀, adj_pr 통제 없음: 섹터 성분",0.16242,"[0.0564, 0.2540]",35163,07_analysis/out/P00141.json,estimates.no_adjpr.D2.t_cs_pr.coef,06_code/p001_41_deal_rolling_no_adjpr.py,16584ff39be335d4,valid
C307,TableIA2,"딜 수준 풀, adj_pr 통제 있음: 총 terrain",0.16460,"[0.0770, 0.2464]",35163,07_analysis/out/P00141.json,estimates.with_adjpr.D2t.terrain_pr.coef,06_code/p001_41_deal_rolling_no_adjpr.py,16584ff39be335d4,valid
C308,TableIA2,고정지평 패널 사전기 딜 중 36m 창이 순위 시점(2017-10) 뒤에 닫히는 비중,0.4672,-,37934,07_analysis/out/P00147.json,estimates.A_exante_share.share_window_closes_after_cut_panel,06_code/p001_47_exante_share_artifacts.py,96915f1ac9c78620,valid
C309,TableIA2,"회사평균 terrain 과 회사평균 adj 의 상관 (고정지평, 사후기 표본)",0.1175,-,2009,07_analysis/out/P00147.json,estimates.B_firm_means.corr_fm_terrain_fm_adj_postsample,06_code/p001_47_exante_share_artifacts.py,96915f1ac9c78620,valid
C310,TableIA2,고정지평 사후기 표본 중 회사 내 유일 표본 파트너(singleton) 수,434,-,2009,07_analysis/out/P00147.json,estimates.C_singletons.n_singleton_at_firm,06_code/p001_47_exante_share_artifacts.py,96915f1ac9c78620,valid
C311,Table8,"Ex-ante 사전기 조정 성과(adj) 계수, 연공 통제",0.00239,"[-0.1241, 0.1201]",1118,07_analysis/out/P00138.json,estimates.D_exante_window.exante_le_2014_10.F2t.adj.coef,06_code/p001_38_fixed_horizon_recheck.py,938bd55b801df521,valid
C312,Table3,"여성 창업 딜 기저 출구율(exit_ever, 전 표본) — §1·§4·§8 의 '46 percent base'",0.4636,-,-,harness50/out/I78.json,estimates.exit_ever.base_ff,harness50/i78_exit_battery.py,0751fc91824e3b4b,valid
C313,TableIA3,"이동자: Δ자기 초기단계 비중 ← Δ회사(파트너 제외) 초기단계 비중, 전 전이",0.56326,"[0.4606, 0.6646]",241,07_analysis/out/P00143.json,estimates.D1_assignment.early_pooled.d_firm_early.coef,06_code/p001_43_movers_assignment.py,7e66d6de20c1ac36,valid
C314,TableIA3,"이동자: 같은 계수, 비중첩 스펠만",0.62098,"[0.4210, 0.8083]",79,07_analysis/out/P00143.json,estimates.D1_assignment.early_nonoverlap.d_firm_early.coef,06_code/p001_43_movers_assignment.py,7e66d6de20c1ac36,valid
C315,TableIA3,이동자: 단계 성분(t_s) 판,0.70639,"[0.5554, 0.8210]",241,07_analysis/out/P00143.json,estimates.D1_assignment.ts_pooled.d_firm_ts.coef,06_code/p001_43_movers_assignment.py,7e66d6de20c1ac36,valid
C316,TableIA3,이동자: 섹터 성분(t_cs) 판,0.1791,"[-0.0370, 0.3862]",241,07_analysis/out/P00143.json,estimates.D1_assignment.tcs_pooled.d_firm_tcs.coef,06_code/p001_43_movers_assignment.py,7e66d6de20c1ac36,valid
C317,TableIA3,이동자: 목적 회사 수준 계수 (출발 회사 동시 투입),0.5355,"[0.4104, 0.6782]",241,07_analysis/out/P00143.json,estimates.D1b_levels.firm_early2.coef,06_code/p001_43_movers_assignment.py,7e66d6de20c1ac36,valid
C318,TableIA3,이동자: 대체 목적 회사(위약) 수준 계수,0.05026,"[-0.0713, 0.1695]",233,07_analysis/out/P00143.json,estimates.D3b_placebo_levels.firm_early2_placebo.coef,06_code/p001_43_movers_assignment.py,7e66d6de20c1ac36,valid
C319,TableIA3,이동자: 정렬 검사 — 이동 전 자기 비중 ← 목적 회사 비중(이동 전 창),0.14915,"[0.0224, 0.2683]",162,07_analysis/out/P00143.json,estimates.D2_future_firm_placebo.early.dest_early_in_s1.coef,06_code/p001_43_movers_assignment.py,7e66d6de20c1ac36,valid
C320,TableIA3,이동자 수,380,-,380,07_analysis/out/P00143.json,estimates.A_sample.n_movers,06_code/p001_43_movers_assignment.py,7e66d6de20c1ac36,valid
C321,TableIA3,이동자 전이 수,408,-,408,07_analysis/out/P00143.json,estimates.A_sample.n_transitions,06_code/p001_43_movers_assignment.py,7e66d6de20c1ac36,valid
C322,TableIA3,이동자 중 여성,37,-,380,07_analysis/out/P00143.json,estimates.A_sample.n_female_movers,06_code/p001_43_movers_assignment.py,7e66d6de20c1ac36,valid
C323,TableIA3,부재(≥18m) 중 동료 귀속 딜 ff 비중: 여성 파트너,-0.01722,"[-0.0495, 0.0132]",20957,07_analysis/out/P00144.json,estimates.B_colleague_ff_share.18.b_female.coef,06_code/p001_44_absence_spells.py,5bbfca722f49af76,valid
C324,TableIA3,부재(≥18m) 중 동료 귀속 딜 ff 비중: 남성 파트너,-0.00447,"[-0.0120, 0.0040]",20957,07_analysis/out/P00144.json,estimates.B_colleague_ff_share.18.b_male.coef,06_code/p001_44_absence_spells.py,5bbfca722f49af76,valid
C325,TableIA3,"부재(≥18m) 여−남 차, 동료 귀속 딜",-0.01275,"[-0.0461, 0.0193]",20957,07_analysis/out/P00144.json,estimates.B_colleague_ff_share.18.diff_female_minus_male.coef,06_code/p001_44_absence_spells.py,5bbfca722f49af76,valid
C326,TableIA3,부재(≥18m) 중 회사 전체 지분 딜 ff 비중: 여성 파트너,0.00302,"[-0.0198, 0.0279]",24506,07_analysis/out/P00144.json,estimates.B2_all_deals_ff_share.18.b_female.coef,06_code/p001_44_absence_spells.py,5bbfca722f49af76,valid
C327,TableIA3,"부재(≥18m) 여−남 차, 회사 전체 딜",0.00344,"[-0.0187, 0.0286]",24506,07_analysis/out/P00144.json,estimates.B2_all_deals_ff_share.18.diff_female_minus_male.coef,06_code/p001_44_absence_spells.py,5bbfca722f49af76,valid
C328,TableIA3,"부재(≥18m) 기록 위약: 회사 귀속률, 여성",-0.16702,"[-0.2165, -0.1168]",27030,07_analysis/out/P00144.json,estimates.C_placebos.attribution_rate_18.b_female.coef,06_code/p001_44_absence_spells.py,5bbfca722f49af76,valid
C329,TableIA3,"부재(≥18m) 기록 위약: 회사 귀속률, 남성",-0.20809,"[-0.2307, -0.1884]",27030,07_analysis/out/P00144.json,estimates.C_placebos.attribution_rate_18.b_male.coef,06_code/p001_44_absence_spells.py,5bbfca722f49af76,valid
C330,TableIA3,부재 공백 보유 파트너 수 (≥18m),1564,-,2483,07_analysis/out/P00144.json,estimates.A_sample.n_partners_with_gap18,06_code/p001_44_absence_spells.py,5bbfca722f49af76,valid
C331,TableIA3,부재 공백 보유 여성 파트너 수,128,-,2483,07_analysis/out/P00144.json,estimates.A_sample.n_female_with_gap18,06_code/p001_44_absence_spells.py,5bbfca722f49af76,valid
C332,TableIA3,부재: 사전 사건시간 결합 sup-t p,0.4300,-,-,07_analysis/out/P00144.json,estimates.D_pretrend.joint_p,06_code/p001_44_absence_spells.py,5bbfca722f49af76,valid
C333,TableIA3,사다리: series_a 도달 FF−기타 (첫 라운드 연도×섹터×국가 셀),-0.07267,"[-0.0912, -0.0558]",18124,07_analysis/out/P00145.json,estimates.M1_attrition.reach_a_cell.ff.coef,06_code/p001_45_ladder_pipeline.py,ec197e08a1d57bbe,valid
C334,TableIA3,사다리: series_b+ 도달 FF−기타,-0.06607,"[-0.0826, -0.0486]",18124,07_analysis/out/P00145.json,estimates.M1_attrition.reach_b_cell.ff.coef,06_code/p001_45_ladder_pipeline.py,ec197e08a1d57bbe,valid
C335,TableIA3,"사다리: series_b+ 도달 FF−기타, 도달 전 출구 기업 제외",-0.08189,"[-0.1009, -0.0639]",14981,07_analysis/out/P00145.json,estimates.M1_attrition.reach_b_cell_excl_exit.ff.coef,06_code/p001_45_ladder_pipeline.py,ec197e08a1d57bbe,valid
C336,TableIA3,사다리: 기존 회사 후속 참여 fp×ff (cell_stage),-0.01267,"[-0.0654, 0.0346]",20687,07_analysis/out/P00145.json,estimates.M2_firm_followon.firm_followon.fpff.coef,06_code/p001_45_ladder_pipeline.py,ec197e08a1d57bbe,valid
C337,TableIA3,사다리: 같은 파트너 재귀속 fp×ff (회사 참여 조건),-0.00852,"[-0.0700, 0.0648]",10299,07_analysis/out/P00145.json,estimates.M3_partner_reattribution.partner_reattr.fpff.coef,06_code/p001_45_ladder_pipeline.py,ec197e08a1d57bbe,valid
C338,TableIA3,사다리: 조건화 사건(36m 내 다음 라운드) fp×ff,-0.00979,"[-0.0645, 0.0370]",31218,07_analysis/out/P00145.json,estimates.M2_firm_followon.cond_balance.fpff.coef,06_code/p001_45_ladder_pipeline.py,ec197e08a1d57bbe,valid
C339,TableIA3,사다리: 신규 진입 투자자 fp 비중 ← 후기 단계 (전체),-0.0037,"[-0.0133, 0.0061]",14785,07_analysis/out/P00145.json,estimates.M4_entrants.entrant_fp_on_late.late.coef,06_code/p001_45_ladder_pipeline.py,ec197e08a1d57bbe,valid
C340,TableIA3,사다리: 신규 진입 fp 비중 ← 후기×FF,-0.03211,"[-0.0674, -0.0029]",14785,07_analysis/out/P00145.json,estimates.M4_entrants.entrant_fp_on_late.lateff.coef,06_code/p001_45_ladder_pipeline.py,ec197e08a1d57bbe,valid
C341,TableIA3,"사다리: 신규 진입 fp 비중, FF 기업 초기 단계",0.1563,-,1465,07_analysis/out/P00145.json,estimates.M4_entrants.fp_share_entrants.late0_ff1.share,06_code/p001_45_ladder_pipeline.py,ec197e08a1d57bbe,valid
C342,TableIA3,"사다리: 신규 진입 fp 비중, FF 기업 후기 단계",0.1205,-,722,07_analysis/out/P00145.json,estimates.M4_entrants.fp_share_entrants.late1_ff1.share,06_code/p001_45_ladder_pipeline.py,ec197e08a1d57bbe,valid
C343,TableIA3,사다리: 커버리지 — 다음 라운드 투자자 기록 fp×ff,-0.00123,"[-0.0243, 0.0205]",20687,07_analysis/out/P00145.json,estimates.M2_firm_followon.coverage_next_investors.fpff.coef,06_code/p001_45_ladder_pipeline.py,ec197e08a1d57bbe,valid
C344,TableIA3,사다리: 커버리지 — 재참여 회사의 파트너 귀속 기록 fp×ff,-0.04521,"[-0.1069, 0.0105]",10299,07_analysis/out/P00145.json,estimates.M3_partner_reattribution.coverage_next_partner.fpff.coef,06_code/p001_45_ladder_pipeline.py,ec197e08a1d57bbe,valid
C345,TableIA3,사다리: 초기 첫 라운드 기업 수 (2010–2019),19380,-,-,07_analysis/out/P00145.json,estimates.M1_attrition.n_companies,06_code/p001_45_ladder_pipeline.py,ec197e08a1d57bbe,valid
C346,TableIA3,"부재(≥18m) 여−남 차 MDE80, 회사 전체 딜",0.0340,-,24506,07_analysis/out/P00144.json,estimates.B2_all_deals_ff_share.18.diff_female_minus_male.mde80,06_code/p001_44_absence_spells.py,5bbfca722f49af76,valid
C347,TableIA3,사다리: 회사 후속 참여 fp×ff MDE80,0.0743,-,20687,07_analysis/out/P00145.json,estimates.M2_firm_followon.firm_followon.fpff.mde80,06_code/p001_45_ladder_pipeline.py,ec197e08a1d57bbe,valid
C348,TableIA3,"사다리: 신규 진입 fp 비중, 기타 기업 초기 단계",0.0835,-,7736,07_analysis/out/P00145.json,estimates.M4_entrants.fp_share_entrants.late0_ff0.share,06_code/p001_45_ladder_pipeline.py,ec197e08a1d57bbe,valid
C349,TableIA3,"사다리: 신규 진입 fp 비중, 기타 기업 후기 단계",0.0798,-,4862,07_analysis/out/P00145.json,estimates.M4_entrants.fp_share_entrants.late1_ff0.share,06_code/p001_45_ladder_pipeline.py,ec197e08a1d57bbe,valid
C350,TableIA3,사다리: 파트너 재귀속 fp×ff MDE80,0.0977,-,10299,07_analysis/out/P00145.json,estimates.M3_partner_reattribution.partner_reattr.fpff.mde80,06_code/p001_45_ladder_pipeline.py,ec197e08a1d57bbe,valid
C351,TableIA4,"라운드 내: 회사 재참여(36m, 다음 라운드 有) FF 라운드 여성 귀속 계수 b_FF",-0.00386,"[-0.0478, 0.0314]",7675,07_analysis/out/P00142.json,estimates.B_reup_conditional.reg.b_FF.coef,06_code/p001_42_within_round_reup.py,5255a5696474744a,valid
C352,TableIA4,라운드 내: 재참여 비FF 라운드 계수,0.00631,"[-0.0126, 0.0259]",7675,07_analysis/out/P00142.json,estimates.B_reup_conditional.reg.b_other.coef,06_code/p001_42_within_round_reup.py,5255a5696474744a,valid
C353,TableIA4,라운드 내: 재참여 FF−비FF 차이,-0.01017,"[-0.0564, 0.0265]",7675,07_analysis/out/P00142.json,estimates.B_reup_conditional.reg.b_diff.coef,06_code/p001_42_within_round_reup.py,5255a5696474744a,valid
C354,TableIA4,라운드 내: 재참여 b_FF MDE80,0.0546,-,7675,07_analysis/out/P00142.json,estimates.B_reup_conditional.reg.b_FF.mde80,06_code/p001_42_within_round_reup.py,5255a5696474744a,valid
C355,TableIA4,라운드 내: 성별 라벨 라운드 내 순열 양측 p (FF),0.860,-,500,07_analysis/out/P00142.json,estimates.B_reup_conditional.perm_FF.p_two,06_code/p001_42_within_round_reup.py,5255a5696474744a,valid
C356,TableIA4,라운드 내: 재참여 무조건 b_FF,0.00216,"[-0.0267, 0.0301]",10361,07_analysis/out/P00142.json,estimates.C_reup_unconditional.b_FF.coef,06_code/p001_42_within_round_reup.py,5255a5696474744a,valid
C357,TableIA4,라운드 내: 같은 파트너 재귀속|재참여 b_FF,-0.00226,"[-0.0445, 0.0391]",3294,07_analysis/out/P00142.json,estimates.D_repartner.cond_on_reup.b_FF.coef,06_code/p001_42_within_round_reup.py,5255a5696474744a,valid
C358,TableIA4,라운드 내: 리드 플래그 b_FF,-0.03063,"[-0.0917, 0.0259]",4756,07_analysis/out/P00142.json,estimates.E_lead.lead_within_round.b_FF.coef,06_code/p001_42_within_round_reup.py,5255a5696474744a,valid
C359,TableIA4,라운드 내: 리드 플래그 기록 비중,0.5758,-,10361,07_analysis/out/P00142.json,estimates.E_lead.lead_recorded_share,06_code/p001_42_within_round_reup.py,5255a5696474744a,valid
C360,TableIA4,라운드 내: 역방향 위약(이전 라운드 참여) b_FF,-0.00341,"[-0.0490, 0.0398]",8862,07_analysis/out/P00142.json,estimates.F_reverse_placebo.b_FF.coef,06_code/p001_42_within_round_reup.py,5255a5696474744a,valid
C361,TableIA4,라운드 내 표본: 혼성 FF 라운드(다음 36m 조건) 수,532,-,-,07_analysis/out/P00142.json,estimates.A_sample.n_cond_ff_rounds,06_code/p001_42_within_round_reup.py,5255a5696474744a,valid
C362,TableIA4,라운드 내 표본: 혼성 FF 라운드 투자자 행 수,1609,-,-,07_analysis/out/P00142.json,estimates.A_sample.n_cond_ff_rows,06_code/p001_42_within_round_reup.py,5255a5696474744a,valid
C363,TableIA4,라운드 내: FF 라운드 재참여 기저율,0.4649,-,1609,07_analysis/out/P00142.json,estimates.A_sample.base_reup_cond_ff,06_code/p001_42_within_round_reup.py,5255a5696474744a,valid
C364,TableIA4,라운드 내: 원시 4셀 이중차 (재참여),-0.0380,-,-,07_analysis/out/P00142.json,estimates.A_sample.raw_dd_reup_cond,06_code/p001_42_within_round_reup.py,5255a5696474744a,valid
C380,TableIA2,미국: 회사×연×섹터 셀 여성 파트너 FF 출구 격차(pp),-4.024,"[-10.35, 1.41]",5935,07_analysis/out/P00148.json,estimates.USA.A_ladder.pluscat.coef_pp,06_code/p001_48_region_split.py,621f8999c0985ff2,valid
C381,TableIA2,미국: 회사×연×섹터 혼합 셀 수,144,-,5935,07_analysis/out/P00148.json,estimates.USA.A_ladder.pluscat.n_mixed_cells,06_code/p001_48_region_split.py,621f8999c0985ff2,valid
C382,TableIA2,미국: 회사×연×섹터 셀 내 재배정 위약 |β| 95분위(pp),5.69,-,5935,07_analysis/out/P00148.json,estimates.USA.A_ladder.pluscat.placebo_p95_abs_pp,06_code/p001_48_region_split.py,621f8999c0985ff2,valid
C383,TableIA2,미국: +stage 셀 격차(pp),-1.017,"[-5.36, 3.17]",5935,07_analysis/out/P00148.json,estimates.USA.A_ladder.plusstage.coef_pp,06_code/p001_48_region_split.py,621f8999c0985ff2,valid
C384,TableIA2,미국: +stage 셀 후속(fon) fp 계수(pp),0.762,"[-2.56, 4.11]",5935,07_analysis/out/P00148.json,estimates.USA.B_adjudication_stage_cell.fon.coef_pp,06_code/p001_48_region_split.py,621f8999c0985ff2,valid
C385,TableIA2,미국: 고정 출구지평 총 terrain (연공 통제),0.18864,"[-0.0165, 0.4011]",1522,07_analysis/out/P00148.json,estimates.USA.C_fixed_horizon.F2t.terrain.coef,06_code/p001_48_region_split.py,621f8999c0985ff2,valid
C386,TableIA2,미국: 고정지평 파트너 수,2075,-,-,07_analysis/out/P00148.json,estimates.USA.C_fixed_horizon.n_partners,06_code/p001_48_region_split.py,621f8999c0985ff2,valid
C390,TableIA2,NA(미국+캐나다): 회사×연×섹터 셀 여성 파트너 FF 출구 격차(pp),-4.604,"[-11.95, 1.13]",6131,07_analysis/out/P00148.json,estimates.NA.A_ladder.pluscat.coef_pp,06_code/p001_48_region_split.py,621f8999c0985ff2,valid
C391,TableIA2,NA(미국+캐나다): 회사×연×섹터 혼합 셀 수,145,-,6131,07_analysis/out/P00148.json,estimates.NA.A_ladder.pluscat.n_mixed_cells,06_code/p001_48_region_split.py,621f8999c0985ff2,valid
C392,TableIA2,NA(미국+캐나다): 회사×연×섹터 셀 내 재배정 위약 |β| 95분위(pp),5.81,-,6131,07_analysis/out/P00148.json,estimates.NA.A_ladder.pluscat.placebo_p95_abs_pp,06_code/p001_48_region_split.py,621f8999c0985ff2,valid
C393,TableIA2,NA(미국+캐나다): +stage 셀 격차(pp),-1.017,"[-4.93, 3.04]",6131,07_analysis/out/P00148.json,estimates.NA.A_ladder.plusstage.coef_pp,06_code/p001_48_region_split.py,621f8999c0985ff2,valid
C394,TableIA2,NA(미국+캐나다): +stage 셀 후속(fon) fp 계수(pp),0.762,"[-2.89, 4.62]",6131,07_analysis/out/P00148.json,estimates.NA.B_adjudication_stage_cell.fon.coef_pp,06_code/p001_48_region_split.py,621f8999c0985ff2,valid
C395,TableIA2,NA(미국+캐나다): 고정 출구지평 총 terrain (연공 통제),0.22945,"[0.0037, 0.4352]",1590,07_analysis/out/P00148.json,estimates.NA.C_fixed_horizon.F2t.terrain.coef,06_code/p001_48_region_split.py,621f8999c0985ff2,valid
C396,TableIA2,NA(미국+캐나다): 고정지평 파트너 수,2155,-,-,07_analysis/out/P00148.json,estimates.NA.C_fixed_horizon.n_partners,06_code/p001_48_region_split.py,621f8999c0985ff2,valid
C400,TableIA2,유럽: 회사×연×섹터 셀 여성 파트너 FF 출구 격차(pp),0.0,"[0.0, 0.0]",940,07_analysis/out/P00148.json,estimates.EU24.A_ladder.pluscat.coef_pp,06_code/p001_48_region_split.py,621f8999c0985ff2,valid
C401,TableIA2,유럽: 회사×연×섹터 혼합 셀 수,27,-,940,07_analysis/out/P00148.json,estimates.EU24.A_ladder.pluscat.n_mixed_cells,06_code/p001_48_region_split.py,621f8999c0985ff2,valid
C402,TableIA2,유럽: 회사×연×섹터 셀 내 재배정 위약 |β| 95분위(pp),6.63,-,940,07_analysis/out/P00148.json,estimates.EU24.A_ladder.pluscat.placebo_p95_abs_pp,06_code/p001_48_region_split.py,621f8999c0985ff2,valid
C403,TableIA2,유럽: +stage 셀 격차(pp),0.0,"[0.0, 0.0]",940,07_analysis/out/P00148.json,estimates.EU24.A_ladder.plusstage.coef_pp,06_code/p001_48_region_split.py,621f8999c0985ff2,valid
C404,TableIA2,유럽: +stage 셀 후속(fon) fp 계수(pp),0.0,"[0.0, 0.0]",940,07_analysis/out/P00148.json,estimates.EU24.B_adjudication_stage_cell.fon.coef_pp,06_code/p001_48_region_split.py,621f8999c0985ff2,valid
C405,TableIA2,유럽: 고정 출구지평 총 terrain (연공 통제),0.29516,"[0.0830, 0.5785]",365,07_analysis/out/P00148.json,estimates.EU24.C_fixed_horizon.F2t.terrain.coef,06_code/p001_48_region_split.py,621f8999c0985ff2,valid
C406,TableIA2,유럽: 고정지평 파트너 수,461,-,-,07_analysis/out/P00148.json,estimates.EU24.C_fixed_horizon.n_partners,06_code/p001_48_region_split.py,621f8999c0985ff2,valid
C410,Table5,NAEU cell_cat: 혼합 셀 중 단일 라운드(공동귀속) 셀 비중,0.6474,-,173,07_analysis/out/P00149.json,estimates.NAEU.cell_cat.share_single_round_cells,06_code/p001_49_coattribution_audit.py,c47f20346d0bb3c6,valid
C411,Table5,NAEU cell_cat: 셀 내 exit 분산>0 셀 수,30,-,173,07_analysis/out/P00149.json,estimates.NAEU.cell_cat.n_cells_exit_var_pos,06_code/p001_49_coattribution_audit.py,c47f20346d0bb3c6,valid
C412,Table5,NAEU cell_cat: exit 분산>0 셀의 딜 수,100,-,427,07_analysis/out/P00149.json,estimates.NAEU.cell_cat.n_deals_exit_var_pos,06_code/p001_49_coattribution_audit.py,c47f20346d0bb3c6,valid
C413,Table5,NAEU cell_cat: Σxr² 중 단일 라운드 셀 비중(희석),0.5733,-,427,07_analysis/out/P00149.json,estimates.NAEU.cell_cat.dilution_share_sxx_single_round,06_code/p001_49_coattribution_audit.py,c47f20346d0bb3c6,valid
C414,Table5,NAEU cell_cat: 다중 라운드 셀만의 출구 격차(pp),-10.486,"[-22.19, 1.50]",194,07_analysis/out/P00149.json,estimates.NAEU.cell_cat.beta_multi_exit_ever_pp,06_code/p001_49_coattribution_audit.py,c47f20346d0bb3c6,valid
C415,Table5,NAEU cell_stage: 혼합 셀 중 단일 라운드(공동귀속) 셀 비중,0.8701,-,154,07_analysis/out/P00149.json,estimates.NAEU.cell_stage.share_single_round_cells,06_code/p001_49_coattribution_audit.py,c47f20346d0bb3c6,valid
C416,Table5,NAEU cell_stage: 셀 내 exit 분산>0 셀 수,8,-,154,07_analysis/out/P00149.json,estimates.NAEU.cell_stage.n_cells_exit_var_pos,06_code/p001_49_coattribution_audit.py,c47f20346d0bb3c6,valid
C417,Table5,NAEU cell_stage: exit 분산>0 셀의 딜 수,18,-,333,07_analysis/out/P00149.json,estimates.NAEU.cell_stage.n_deals_exit_var_pos,06_code/p001_49_coattribution_audit.py,c47f20346d0bb3c6,valid
C418,Table5,NAEU cell_stage: Σxr² 중 단일 라운드 셀 비중(희석),0.8514,-,333,07_analysis/out/P00149.json,estimates.NAEU.cell_stage.dilution_share_sxx_single_round,06_code/p001_49_coattribution_audit.py,c47f20346d0bb3c6,valid
C419,Table5,NAEU cell_stage: 다중 라운드 셀만의 출구 격차(pp),-5.517,"[-26.76, 20.50]",50,07_analysis/out/P00149.json,estimates.NAEU.cell_stage.beta_multi_exit_ever_pp,06_code/p001_49_coattribution_audit.py,c47f20346d0bb3c6,valid
C420,Table5,GLOBAL cell_cat: 혼합 셀 중 단일 라운드(공동귀속) 셀 비중,0.6263,-,190,07_analysis/out/P00149.json,estimates.GLOBAL.cell_cat.share_single_round_cells,06_code/p001_49_coattribution_audit.py,c47f20346d0bb3c6,valid
C421,Table5,GLOBAL cell_cat: 셀 내 exit 분산>0 셀 수,35,-,190,07_analysis/out/P00149.json,estimates.GLOBAL.cell_cat.n_cells_exit_var_pos,06_code/p001_49_coattribution_audit.py,c47f20346d0bb3c6,valid
C422,Table5,GLOBAL cell_cat: exit 분산>0 셀의 딜 수,119,-,475,07_analysis/out/P00149.json,estimates.GLOBAL.cell_cat.n_deals_exit_var_pos,06_code/p001_49_coattribution_audit.py,c47f20346d0bb3c6,valid
C423,Table5,GLOBAL cell_cat: Σxr² 중 단일 라운드 셀 비중(희석),0.5479,-,475,07_analysis/out/P00149.json,estimates.GLOBAL.cell_cat.dilution_share_sxx_single_round,06_code/p001_49_coattribution_audit.py,c47f20346d0bb3c6,valid
C424,Table5,GLOBAL cell_cat: 다중 라운드 셀만의 출구 격차(pp),-13.686,"[-24.59, -2.32]",227,07_analysis/out/P00149.json,estimates.GLOBAL.cell_cat.beta_multi_exit_ever_pp,06_code/p001_49_coattribution_audit.py,c47f20346d0bb3c6,valid
C425,Table5,GLOBAL cell_stage: 혼합 셀 중 단일 라운드(공동귀속) 셀 비중,0.8512,-,168,07_analysis/out/P00149.json,estimates.GLOBAL.cell_stage.share_single_round_cells,06_code/p001_49_coattribution_audit.py,c47f20346d0bb3c6,valid
C426,Table5,GLOBAL cell_stage: 셀 내 exit 분산>0 셀 수,10,-,168,07_analysis/out/P00149.json,estimates.GLOBAL.cell_stage.n_cells_exit_var_pos,06_code/p001_49_coattribution_audit.py,c47f20346d0bb3c6,valid
C427,Table5,GLOBAL cell_stage: exit 분산>0 셀의 딜 수,24,-,368,07_analysis/out/P00149.json,estimates.GLOBAL.cell_stage.n_deals_exit_var_pos,06_code/p001_49_coattribution_audit.py,c47f20346d0bb3c6,valid
C428,Table5,GLOBAL cell_stage: Σxr² 중 단일 라운드 셀 비중(희석),0.8251,-,368,07_analysis/out/P00149.json,estimates.GLOBAL.cell_stage.dilution_share_sxx_single_round,06_code/p001_49_coattribution_audit.py,c47f20346d0bb3c6,valid
C429,Table5,GLOBAL cell_stage: 다중 라운드 셀만의 출구 격차(pp),-9.043,"[-25.20, 9.91]",66,07_analysis/out/P00149.json,estimates.GLOBAL.cell_stage.beta_multi_exit_ever_pp,06_code/p001_49_coattribution_audit.py,c47f20346d0bb3c6,valid
C430,Table5,NAEU cell_cat: 다중 라운드 셀 위약 |β| 95분위(pp),12.83,-,194,07_analysis/out/P00149.json,estimates.NAEU.cell_cat.placebo_p95_multi_exit_ever_pp,06_code/p001_49_coattribution_audit.py,c47f20346d0bb3c6,valid
C431,Table5,NAEU cell_cat: 다중 라운드 셀 격차 MDE80(pp),17.73,-,194,07_analysis/out/P00149.json,estimates.NAEU.cell_cat.mde_multi_exit_ever_pp,06_code/p001_49_coattribution_audit.py,c47f20346d0bb3c6,valid
C432,Table5,NAEU cell_cat: 다중 라운드 셀 수,61,-,173,07_analysis/out/P00149.json,estimates.NAEU.cell_cat.n_multi_round_cells,06_code/p001_49_coattribution_audit.py,c47f20346d0bb3c6,valid
C433,Table5,NAEU cell_cat: 단일 라운드(공동귀속) 셀 수,112,-,173,07_analysis/out/P00149.json,estimates.NAEU.cell_cat.n_single_round_cells,06_code/p001_49_coattribution_audit.py,c47f20346d0bb3c6,valid
C434,Table5,NAEU cell_stage: 다중 라운드 셀 격차 MDE80(pp),32.4,-,50,07_analysis/out/P00149.json,estimates.NAEU.cell_stage.mde_multi_exit_ever_pp,06_code/p001_49_coattribution_audit.py,c47f20346d0bb3c6,valid
C440,TableIA9,해저드 패널: fp 변동 셀×경과년 그룹 수,814,-,1764,07_analysis/out/P00150.json,estimates.A_cells.n_mixed_cells,06_code/p001_50_hazard_identification.py,298834a3562c52ef,valid
C441,TableIA9,해저드 패널: 단일 라운드(공동귀속) 그룹 비중,0.8943,-,814,07_analysis/out/P00150.json,estimates.A_cells.share_single_round_cells,06_code/p001_50_hazard_identification.py,298834a3562c52ef,valid
C442,TableIA9,해저드 패널: 결과 변이>0 그룹 수,10,-,814,07_analysis/out/P00150.json,estimates.A_cells.n_cells_outcome_var_pos,06_code/p001_50_hazard_identification.py,298834a3562c52ef,valid
C443,TableIA9,해저드 패널: Σx̃² 중 단일 라운드 그룹 비중(희석),0.8729,-,1764,07_analysis/out/P00150.json,estimates.A_cells.dilution_share_sxx_single_round,06_code/p001_50_hazard_identification.py,298834a3562c52ef,valid
C444,TableIA9,해저드 격차 전체(pp/yr) — P001-12 재현,-0.244,"[-1.00, 0.31]",37416,07_analysis/out/P00150.json,estimates.B_hazard_gap.full.coef_pp,06_code/p001_50_hazard_identification.py,298834a3562c52ef,valid
C445,TableIA9,"해저드 격차, 다중 라운드 그룹만(pp/yr)",-1.699,"[-11.83, 2.87]",226,07_analysis/out/P00150.json,estimates.B_hazard_gap.multi_round_cells.coef_pp,06_code/p001_50_hazard_identification.py,298834a3562c52ef,valid
C446,TableIA9,"해저드 격차, 다중 라운드 그룹만 MDE80(pp/yr)",11.31,-,226,07_analysis/out/P00150.json,estimates.B_hazard_gap.multi_round_cells.mde80_pp,06_code/p001_50_hazard_identification.py,298834a3562c52ef,valid
C447,TableIA9,해저드 기저(연) — P001-50 패널,0.0619,-,37416,07_analysis/out/P00150.json,estimates.A_cells.base_hazard,06_code/p001_50_hazard_identification.py,298834a3562c52ef,valid
C448,TableIA9,기저 해저드의 25%(pp),1.548,-,-,07_analysis/out/P00150.json,estimates.quarter_of_base_pp,06_code/p001_50_hazard_identification.py,298834a3562c52ef,valid
C449,TableIA9,해저드 패널: 결과 변이>0 그룹의 출구 사건 수,12,-,25,07_analysis/out/P00150.json,estimates.A_cells.n_exit_events_varpos,06_code/p001_50_hazard_identification.py,298834a3562c52ef,valid
C450,Table6,균형검정(FF 회사×연×섹터): age 여−남 셀 내 차,-0.11010,"[-0.4056, 0.1712]",427,07_analysis/out/P00146.json,estimates.FF_cell_cat_pre.by_cov.age.coef,06_code/p001_46_balance_rothstein.py,64fc05532842162e,valid
C451,Table6,균형검정(FF 회사×연×섹터): ln_prior_rounds 여−남 셀 내 차,-0.05967,"[-0.1229, 0.0117]",427,07_analysis/out/P00146.json,estimates.FF_cell_cat_pre.by_cov.ln_prior_rounds.coef,06_code/p001_46_balance_rothstein.py,64fc05532842162e,valid
C452,Table6,균형검정(FF 회사×연×섹터): ln_prior_capital 여−남 셀 내 차,-0.64758,"[-1.7369, 0.2718]",427,07_analysis/out/P00146.json,estimates.FF_cell_cat_pre.by_cov.ln_prior_capital.coef,06_code/p001_46_balance_rothstein.py,64fc05532842162e,valid
C453,Table6,균형검정(FF 회사×연×섹터): emp_band 여−남 셀 내 차,-0.15106,"[-0.3075, -0.0085]",427,07_analysis/out/P00146.json,estimates.FF_cell_cat_pre.by_cov.emp_band.coef,06_code/p001_46_balance_rothstein.py,64fc05532842162e,valid
C454,Table6,균형검정(FF 회사×연×섹터): prev_investor_count 여−남 셀 내 차,-0.50461,"[-0.9227, -0.2033]",266,07_analysis/out/P00146.json,estimates.FF_cell_cat_pre.by_cov.prev_investor_count.coef,06_code/p001_46_balance_rothstein.py,64fc05532842162e,valid
C455,Table6,균형검정(FF 회사×연×섹터): n_founders 여−남 셀 내 차,-0.20850,"[-0.4231, -0.0068]",427,07_analysis/out/P00146.json,estimates.FF_cell_cat_pre.by_cov.n_founders.coef,06_code/p001_46_balance_rothstein.py,64fc05532842162e,valid
C456,Table6,균형검정(FF 회사×연×섹터): n_female_founders 여−남 셀 내 차,0.04682,"[0.0120, 0.0907]",427,07_analysis/out/P00146.json,estimates.FF_cell_cat_pre.by_cov.n_female_founders.coef,06_code/p001_46_balance_rothstein.py,64fc05532842162e,valid
C457,Table6,균형검정(FF 회사×연×섹터): founder_degree_share 여−남 셀 내 차,-0.00326,"[-0.0383, 0.0281]",427,07_analysis/out/P00146.json,estimates.FF_cell_cat_pre.by_cov.founder_degree_share.coef,06_code/p001_46_balance_rothstein.py,64fc05532842162e,valid
C458,Table6,균형검정(FF 회사×연×섹터): serial_share 여−남 셀 내 차,-0.03081,"[-0.0741, 0.0074]",427,07_analysis/out/P00146.json,estimates.FF_cell_cat_pre.by_cov.serial_share.coef,06_code/p001_46_balance_rothstein.py,64fc05532842162e,valid
C459,Table6,균형검정(FF 회사×연×섹터): hq_us 여−남 셀 내 차,-0.00932,"[-0.0384, 0.0148]",427,07_analysis/out/P00146.json,estimates.FF_cell_cat_pre.by_cov.hq_us.coef,06_code/p001_46_balance_rothstein.py,64fc05532842162e,valid
C460,Table6,균형검정: FF cat 결합 순열 p,0.552,-,266,07_analysis/out/P00146.json,estimates.FF_cell_cat_pre.joint.p_perm,06_code/p001_46_balance_rothstein.py,64fc05532842162e,valid
C461,Table6,균형검정: 크기 보정 기각률(명목 5%),0.06,-,100,07_analysis/out/P00146.json,estimates.FF_cell_cat_pre.joint.size_calibration_reject_rate,06_code/p001_46_balance_rothstein.py,64fc05532842162e,valid
C462,Table6,균형검정: FF +stage 결합 순열 p,0.954,-,204,07_analysis/out/P00146.json,estimates.FF_cell_stage_pre.joint.p_perm,06_code/p001_46_balance_rothstein.py,64fc05532842162e,valid
C463,Table6,균형검정: 전 딜 +stage 결합 순열 p,0.148,-,1562,07_analysis/out/P00146.json,estimates.ALL_cell_stage_pre.joint.p_perm,06_code/p001_46_balance_rothstein.py,64fc05532842162e,valid
C464,Table6,균형검정 양성 대조: FF cat log 라운드 규모(사후) 여−남,-0.13939,"[-0.2825, -0.0257]",384,07_analysis/out/P00146.json,estimates.FF_cell_cat_post.by_cov.ln_round_size.coef,06_code/p001_46_balance_rothstein.py,64fc05532842162e,valid
C465,Table6,균형검정: 표준화 차 n_female_founders,0.1002,-,427,07_analysis/out/P00146.json,estimates.FF_cell_cat_pre.by_cov.n_female_founders.std_diff,06_code/p001_46_balance_rothstein.py,64fc05532842162e,valid
C466,Table6,균형검정: 혼합 셀 수 / 딜 수 (FF cat),173,-,427,07_analysis/out/P00146.json,estimates.FF_cell_cat_pre.n_mixed_cells,06_code/p001_46_balance_rothstein.py,64fc05532842162e,valid
C467,Table6,균형검정 양성 대조: 전 딜 cat log 라운드 규모(사후) 여−남,-0.05963,"[-0.1379, 0.0112]",3785,07_analysis/out/P00146.json,estimates.ALL_cell_cat_post.by_cov.ln_round_size.coef,06_code/p001_46_balance_rothstein.py,64fc05532842162e,valid
C468,TableIA4,라운드 내 재참여: any-female 기준 재추정(P001-51 부트),-0.00378,"[-0.0408, 0.0318]",1609,07_analysis/out/P00151.json,estimates.A_baseline.fp.coef,06_code/p001_51_within_round_variants.py,c207763194f2c3b4,valid
C469,TableIA4,라운드 내 재참여: female-only 귀속,-0.01533,"[-0.0593, 0.0246]",1287,07_analysis/out/P00151.json,estimates.B_treatment_definition.female_only.fp.coef,06_code/p001_51_within_round_variants.py,c207763194f2c3b4,valid
C470,TableIA4,라운드 내 재참여: female-only MDE80,0.0627,-,1287,07_analysis/out/P00151.json,estimates.B_treatment_definition.female_only.fp.mde80,06_code/p001_51_within_round_variants.py,c207763194f2c3b4,valid
C471,TableIA4,라운드 내 재참여: female-only 라운드 수,434,-,-,07_analysis/out/P00151.json,estimates.B_treatment_definition.female_only.n_rounds,06_code/p001_51_within_round_variants.py,c207763194f2c3b4,valid
C472,TableIA4,라운드 내 재참여: 혼합 귀속 행 수(제거),126,-,-,07_analysis/out/P00151.json,estimates.B_treatment_definition.n_mixed_attr_rows_dropped,06_code/p001_51_within_round_variants.py,c207763194f2c3b4,valid
C473,TableIA4,라운드 내 재참여: mixed vs male-only (3범주),0.03552,"[-0.0479, 0.1121]",1609,07_analysis/out/P00151.json,estimates.B_treatment_definition.three_category.mixed_vs_male_only.coef,06_code/p001_51_within_round_variants.py,c207763194f2c3b4,valid
C474,TableIA4,"라운드 내 재참여: female-only, 투자자 군집",-0.01533,"[-0.0460, 0.0185]",1287,07_analysis/out/P00151.json,estimates.B_treatment_definition.female_only_investor_cluster.fp.coef,06_code/p001_51_within_round_variants.py,c207763194f2c3b4,valid
C475,TableIA4,"라운드 내 재참여: any-female, 투자자 군집",-0.00378,"[-0.0355, 0.0240]",1609,07_analysis/out/P00151.json,estimates.B_treatment_definition.any_female_investor_cluster.fp.coef,06_code/p001_51_within_round_variants.py,c207763194f2c3b4,valid
C476,TableIA4,라운드 내 재참여: any-female + 사전 투자자 통제 전부,-0.00647,"[-0.0414, 0.0393]",1609,07_analysis/out/P00151.json,estimates.C_pre_round_controls.all_pre_round.any_female.fp.coef,06_code/p001_51_within_round_variants.py,c207763194f2c3b4,valid
C477,TableIA4,라운드 내 재참여: female-only + 사전 투자자 통제 전부,-0.01564,"[-0.0599, 0.0292]",1287,07_analysis/out/P00151.json,estimates.C_pre_round_controls.all_pre_round.female_only.fp.coef,06_code/p001_51_within_round_variants.py,c207763194f2c3b4,valid
C478,TableIA4,라운드+투자자 두-방향 FE b_FF (풀),-0.01094,"[-0.0652, 0.0486]",7675,07_analysis/out/P00151.json,estimates.F_twoway_FE_pooled.b_FF.coef,06_code/p001_51_within_round_variants.py,c207763194f2c3b4,valid
C479,TableIA4,두-방향 FE MDE80,0.0887,-,7675,07_analysis/out/P00151.json,estimates.F_twoway_FE_pooled.b_FF.mde80,06_code/p001_51_within_round_variants.py,c207763194f2c3b4,valid
C480,TableIA4,두-방향 FE: fp 변동 투자자 수,291,-,2052,07_analysis/out/P00151.json,estimates.F_twoway_FE_pooled.n_investors_fp_varying,06_code/p001_51_within_round_variants.py,c207763194f2c3b4,valid
C481,TableIA4,FF 조건 라운드: 기업 수,388,-,532,07_analysis/out/P00151.json,estimates.G_estimand.n_companies,06_code/p001_51_within_round_variants.py,c207763194f2c3b4,valid
C482,TableIA4,FF 조건 라운드: 투자사 수,756,-,532,07_analysis/out/P00151.json,estimates.G_estimand.n_investor_firms,06_code/p001_51_within_round_variants.py,c207763194f2c3b4,valid
C483,TableIA4,FF 조건 라운드: 귀속 커버(귀속 행/전 투자자 행),0.4478,-,3593,07_analysis/out/P00151.json,estimates.G_estimand.attribution_coverage_rows,06_code/p001_51_within_round_variants.py,c207763194f2c3b4,valid
C484,TableIA4,FF 조건 라운드: 중위 라운드 금액(USD),8000000.0,-,532,07_analysis/out/P00151.json,estimates.G_estimand.median_amt_usd_cond_rounds,06_code/p001_51_within_round_variants.py,c207763194f2c3b4,valid
C485,TableIA4,전체 FF 지분형 라운드(창 안): 중위 라운드 금액(USD),2500000.0,-,-,07_analysis/out/P00151.json,estimates.G_estimand.median_amt_usd_all_ff_rounds,06_code/p001_51_within_round_variants.py,c207763194f2c3b4,valid
C486,TableIA4,FF 조건 라운드: 초기단계 비중,0.6241,-,532,07_analysis/out/P00151.json,estimates.G_estimand.early_share_cond_rounds,06_code/p001_51_within_round_variants.py,c207763194f2c3b4,valid
C487,TableIA4,전체 FF 지분형 라운드: 초기단계 비중,0.6978,-,-,07_analysis/out/P00151.json,estimates.G_estimand.early_share_all_ff_rounds,06_code/p001_51_within_round_variants.py,c207763194f2c3b4,valid
C488,TableIA4,라운드 내: 귀속 − 비귀속 공동투자자 재참여 차,0.1887,"[0.1576, 0.2221]",3593,07_analysis/out/P00151.json,estimates.G_estimand.reup_attributed_minus_unattributed_within_round.coef,06_code/p001_51_within_round_variants.py,c207763194f2c3b4,valid
C489,TableIA4,라운드 내 투자자 균형: pre_ff_share 여성−남성 귀속,0.06973,"[0.0436, 0.0980]",1431,07_analysis/out/P00151.json,estimates.D_investor_balance.pre_ff_share.fp.coef,06_code/p001_51_within_round_variants.py,c207763194f2c3b4,valid
C490,TableIA4,라운드 내 투자자 균형: pre_early_share 여성−남성 귀속,0.04055,"[0.0107, 0.0786]",1431,07_analysis/out/P00151.json,estimates.D_investor_balance.pre_early_share.fp.coef,06_code/p001_51_within_round_variants.py,c207763194f2c3b4,valid
C491,TableIA4,라운드 내 투자자 균형: firm_age 여성−남성 귀속,-3.70045,"[-5.9512, -1.7258]",1589,07_analysis/out/P00151.json,estimates.D_investor_balance.firm_age.fp.coef,06_code/p001_51_within_round_variants.py,c207763194f2c3b4,valid
C492,TableIA4,라운드 내 투자자 균형: fund_age 여성−남성 귀속,-0.3331,"[-0.5898, -0.0742]",1094,07_analysis/out/P00151.json,estimates.D_investor_balance.fund_age.fp.coef,06_code/p001_51_within_round_variants.py,c207763194f2c3b4,valid
C493,TableIA4,양성 대조: y1 ← ln_exp (라운드 내),0.03273,"[0.0173, 0.0471]",1609,07_analysis/out/P00151.json,estimates.E_positive_controls.ln_exp.coef.coef,06_code/p001_51_within_round_variants.py,c207763194f2c3b4,valid
C494,TableIA4,양성 대조: y1 ← lead (라운드 내),0.10706,"[0.0345, 0.1716]",725,07_analysis/out/P00151.json,estimates.E_positive_controls.lead.coef.coef,06_code/p001_51_within_round_variants.py,c207763194f2c3b4,valid
C495,TableIA4,양성 대조: y1 ← pre_early_share (라운드 내),-0.20949,"[-0.3101, -0.1109]",1431,07_analysis/out/P00151.json,estimates.E_positive_controls.pre_early_share.coef.coef,06_code/p001_51_within_round_variants.py,c207763194f2c3b4,valid
C496,TableIA4,양성 대조: y1 ← fund_age (라운드 내),-0.02115,"[-0.0353, -0.0075]",1094,07_analysis/out/P00151.json,estimates.E_positive_controls.fund_age.coef.coef,06_code/p001_51_within_round_variants.py,c207763194f2c3b4,valid
C497,TableIA4,라운드 내 v2: GLOBAL ≤2021-10/24m FF 조건 라운드 수,665,-,2010,07_analysis/out/P00156.json,estimates.E_scope_window.GLOBAL_2021_24m.n_ff_cond_rounds,06_code/p001_56_within_round_v2.py,869e67c778294cf0,valid
C498,TableIA4,라운드 내 v2: GLOBAL 24m any-female,-0.00454,"[-0.0380, 0.0286]",2010,07_analysis/out/P00156.json,estimates.E_scope_window.GLOBAL_2021_24m.any_female.fp.coef,06_code/p001_56_within_round_v2.py,869e67c778294cf0,valid
C499,TableIA4,라운드 내 v2: GLOBAL 24m female-only,-0.01032,"[-0.0512, 0.0277]",1646,07_analysis/out/P00156.json,estimates.E_scope_window.GLOBAL_2021_24m.female_only.fp.coef,06_code/p001_56_within_round_v2.py,869e67c778294cf0,valid
C500,TableIA4,라운드 내 v2: GLOBAL 24m female-only 밴드 하단 여유(pp),-0.12,-,1646,07_analysis/out/P00156.json,estimates.E_scope_window.GLOBAL_2021_24m.female_only.fp.margin_lo_pp,06_code/p001_56_within_round_v2.py,869e67c778294cf0,valid
C501,TableIA4,라운드 내 v2: lead_u 커버(합집합),0.8757,-,-,07_analysis/out/P00156.json,estimates.C_lead_union.cov_union,06_code/p001_56_within_round_v2.py,869e67c778294cf0,valid
C502,TableIA4,라운드 내 v2: lead_u ← fp (FF),-0.0042,"[-0.0598, 0.0510]",1391,07_analysis/out/P00156.json,estimates.C_lead_union.lead_u_within_round_fp.fp.coef,06_code/p001_56_within_round_v2.py,869e67c778294cf0,valid
C503,TableIA4,라운드 내 v2: 연공 격차 F−M (년),-1.24334,"[-1.8691, -0.7103]",1609,07_analysis/out/P00156.json,estimates.D_tenure.tenure_gap_within_round.fp.coef,06_code/p001_56_within_round_v2.py,869e67c778294cf0,valid
C504,TableIA4,라운드 내 v2: 재참여 + 연공 통제 any-female,-0.00177,"[-0.0417, 0.0380]",1609,07_analysis/out/P00156.json,estimates.D_tenure.reup_plus_tenure_any.fp.coef,06_code/p001_56_within_round_v2.py,869e67c778294cf0,valid
C505,TableIA4,라운드 내 v2: 위약 junior (전남성 FF 라운드),-0.00099,"[-0.0285, 0.0209]",3020,07_analysis/out/P00156.json,estimates.D_tenure.placebo_junior.junior.coef,06_code/p001_56_within_round_v2.py,869e67c778294cf0,valid
C506,TableIA4,라운드 내 v2: 위약 풀 라운드 수,1164,-,3020,07_analysis/out/P00156.json,estimates.D_tenure.placebo_pool.n_all_male_ff_cond_rounds,06_code/p001_56_within_round_v2.py,869e67c778294cf0,valid
C507,TableIA4,라운드 내 v2: P(재참여|출구),0.5000,-,786,07_analysis/out/P00156.json,estimates.F_calibration.P_reup_exit,06_code/p001_56_within_round_v2.py,869e67c778294cf0,valid
C508,TableIA4,라운드 내 v2: P(재참여|비출구),0.4628,-,786,07_analysis/out/P00156.json,estimates.F_calibration.P_reup_noexit,06_code/p001_56_within_round_v2.py,869e67c778294cf0,valid
C509,TableIA4,라운드 내 v2: 재참여 ← 출구 기울기,0.0372,"[-0.0642, 0.1390]",786,07_analysis/out/P00156.json,estimates.F_calibration.slope_reup_on_exit.coef,06_code/p001_56_within_round_v2.py,869e67c778294cf0,valid
C510,TableIA4,라운드 내 v2: NAEU 36m any-female 재추정,-0.00378,"[-0.0423, 0.0365]",1609,07_analysis/out/P00156.json,estimates.E_scope_window.NAEU_2020_36m.any_female.fp.coef,06_code/p001_56_within_round_v2.py,869e67c778294cf0,valid
C511,TableIA4,라운드 내 v2: GLOBAL_2020_36m any_female,-0.00101,"[-0.0379, 0.0380]",1764,07_analysis/out/P00156.json,estimates.E_scope_window.GLOBAL_2020_36m.any_female.fp.coef,06_code/p001_56_within_round_v2.py,869e67c778294cf0,valid
C512,TableIA4,라운드 내 v2: GLOBAL_2020_36m female_only,-0.00850,"[-0.0478, 0.0344]",1414,07_analysis/out/P00156.json,estimates.E_scope_window.GLOBAL_2020_36m.female_only.fp.coef,06_code/p001_56_within_round_v2.py,869e67c778294cf0,valid
C513,TableIA4,라운드 내 v2: NAEU_2021_24m any_female,-0.01204,"[-0.0453, 0.0234]",1785,07_analysis/out/P00156.json,estimates.E_scope_window.NAEU_2021_24m.any_female.fp.coef,06_code/p001_56_within_round_v2.py,869e67c778294cf0,valid
C514,TableIA4,라운드 내 v2: NAEU_2021_24m female_only,-0.02116,"[-0.0639, 0.0233]",1460,07_analysis/out/P00156.json,estimates.E_scope_window.NAEU_2021_24m.female_only.fp.coef,06_code/p001_56_within_round_v2.py,869e67c778294cf0,valid
C515,Table6,균형(다중 라운드 셀): 셀 수,61,-,194,07_analysis/out/P00152.json,estimates.FF_cell_cat_pre.n_multi_round_cells,06_code/p001_52_balance_maxt.py,8a6da3b569fe28f1,valid
C516,Table6,균형(다중 라운드 셀): 딜 수,194,-,-,07_analysis/out/P00152.json,estimates.FF_cell_cat_pre.n_deals_multi,06_code/p001_52_balance_maxt.py,8a6da3b569fe28f1,valid
C517,Table6,균형 비희석(다중 라운드): age 여−남 (원단위),-0.25803,"[-1.0198, 0.3754]",194,07_analysis/out/P00152.json,estimates.FF_cell_cat_pre.by_cov.age.coef_multi,06_code/p001_52_balance_maxt.py,8a6da3b569fe28f1,valid
C518,Table6,균형 비희석(다중 라운드): age 표준화 차(sd),-0.0943,"[-0.3727, 0.1372]",194,07_analysis/out/P00152.json,estimates.FF_cell_cat_pre.by_cov.age.std_diff_multi,06_code/p001_52_balance_maxt.py,8a6da3b569fe28f1,valid
C519,Table6,균형 비희석(다중 라운드): age MDE80(sd),0.3672,-,194,07_analysis/out/P00152.json,estimates.FF_cell_cat_pre.by_cov.age.mde80_multi_sd,06_code/p001_52_balance_maxt.py,8a6da3b569fe28f1,valid
C520,Table6,균형 비희석(다중 라운드): ln_prior_rounds 여−남 (원단위),-0.13985,"[-0.2808, -0.0023]",194,07_analysis/out/P00152.json,estimates.FF_cell_cat_pre.by_cov.ln_prior_rounds.coef_multi,06_code/p001_52_balance_maxt.py,8a6da3b569fe28f1,valid
C521,Table6,균형 비희석(다중 라운드): ln_prior_rounds 표준화 차(sd),-0.2347,"[-0.4713, -0.0039]",194,07_analysis/out/P00152.json,estimates.FF_cell_cat_pre.by_cov.ln_prior_rounds.std_diff_multi,06_code/p001_52_balance_maxt.py,8a6da3b569fe28f1,valid
C522,Table6,균형 비희석(다중 라운드): ln_prior_rounds MDE80(sd),0.3490,-,194,07_analysis/out/P00152.json,estimates.FF_cell_cat_pre.by_cov.ln_prior_rounds.mde80_multi_sd,06_code/p001_52_balance_maxt.py,8a6da3b569fe28f1,valid
C523,Table6,균형 비희석(다중 라운드): ln_prior_capital 여−남 (원단위),-1.51773,"[-3.8956, 0.5694]",194,07_analysis/out/P00152.json,estimates.FF_cell_cat_pre.by_cov.ln_prior_capital.coef_multi,06_code/p001_52_balance_maxt.py,8a6da3b569fe28f1,valid
C524,Table6,균형 비희석(다중 라운드): ln_prior_capital 표준화 차(sd),-0.1993,"[-0.5115, 0.0748]",194,07_analysis/out/P00152.json,estimates.FF_cell_cat_pre.by_cov.ln_prior_capital.std_diff_multi,06_code/p001_52_balance_maxt.py,8a6da3b569fe28f1,valid
C525,Table6,균형 비희석(다중 라운드): ln_prior_capital MDE80(sd),0.4225,-,194,07_analysis/out/P00152.json,estimates.FF_cell_cat_pre.by_cov.ln_prior_capital.mde80_multi_sd,06_code/p001_52_balance_maxt.py,8a6da3b569fe28f1,valid
C526,Table6,균형 비희석(다중 라운드): emp_band 여−남 (원단위),-0.35403,"[-0.6730, 0.0118]",194,07_analysis/out/P00152.json,estimates.FF_cell_cat_pre.by_cov.emp_band.coef_multi,06_code/p001_52_balance_maxt.py,8a6da3b569fe28f1,valid
C527,Table6,균형 비희석(다중 라운드): emp_band 표준화 차(sd),-0.2154,"[-0.4095, 0.0072]",194,07_analysis/out/P00152.json,estimates.FF_cell_cat_pre.by_cov.emp_band.std_diff_multi,06_code/p001_52_balance_maxt.py,8a6da3b569fe28f1,valid
C528,Table6,균형 비희석(다중 라운드): emp_band MDE80(sd),0.3113,-,194,07_analysis/out/P00152.json,estimates.FF_cell_cat_pre.by_cov.emp_band.mde80_multi_sd,06_code/p001_52_balance_maxt.py,8a6da3b569fe28f1,valid
C529,Table6,균형 비희석(다중 라운드): n_founders 여−남 (원단위),-0.48866,"[-0.8519, -0.0877]",194,07_analysis/out/P00152.json,estimates.FF_cell_cat_pre.by_cov.n_founders.coef_multi,06_code/p001_52_balance_maxt.py,8a6da3b569fe28f1,valid
C530,Table6,균형 비희석(다중 라운드): n_founders 표준화 차(sd),-0.2763,"[-0.4817, -0.0496]",194,07_analysis/out/P00152.json,estimates.FF_cell_cat_pre.by_cov.n_founders.std_diff_multi,06_code/p001_52_balance_maxt.py,8a6da3b569fe28f1,valid
C531,Table6,균형 비희석(다중 라운드): n_founders MDE80(sd),0.3300,-,194,07_analysis/out/P00152.json,estimates.FF_cell_cat_pre.by_cov.n_founders.mde80_multi_sd,06_code/p001_52_balance_maxt.py,8a6da3b569fe28f1,valid
C532,Table6,균형 비희석(다중 라운드): n_female_founders 여−남 (원단위),0.1097,"[0.0166, 0.2130]",194,07_analysis/out/P00152.json,estimates.FF_cell_cat_pre.by_cov.n_female_founders.coef_multi,06_code/p001_52_balance_maxt.py,8a6da3b569fe28f1,valid
C533,Table6,균형 비희석(다중 라운드): n_female_founders 표준화 차(sd),0.2376,"[0.0359, 0.4612]",194,07_analysis/out/P00152.json,estimates.FF_cell_cat_pre.by_cov.n_female_founders.std_diff_multi,06_code/p001_52_balance_maxt.py,8a6da3b569fe28f1,valid
C534,Table6,균형 비희석(다중 라운드): n_female_founders MDE80(sd),0.3116,-,194,07_analysis/out/P00152.json,estimates.FF_cell_cat_pre.by_cov.n_female_founders.mde80_multi_sd,06_code/p001_52_balance_maxt.py,8a6da3b569fe28f1,valid
C535,Table6,균형 비희석(다중 라운드): founder_degree_share 여−남 (원단위),-0.00764,"[-0.0906, 0.0579]",194,07_analysis/out/P00152.json,estimates.FF_cell_cat_pre.by_cov.founder_degree_share.coef_multi,06_code/p001_52_balance_maxt.py,8a6da3b569fe28f1,valid
C536,Table6,균형 비희석(다중 라운드): founder_degree_share 표준화 차(sd),-0.0281,"[-0.3337, 0.2133]",194,07_analysis/out/P00152.json,estimates.FF_cell_cat_pre.by_cov.founder_degree_share.std_diff_multi,06_code/p001_52_balance_maxt.py,8a6da3b569fe28f1,valid
C537,Table6,균형 비희석(다중 라운드): founder_degree_share MDE80(sd),0.3984,-,194,07_analysis/out/P00152.json,estimates.FF_cell_cat_pre.by_cov.founder_degree_share.mde80_multi_sd,06_code/p001_52_balance_maxt.py,8a6da3b569fe28f1,valid
C538,Table6,균형 비희석(다중 라운드): serial_share 여−남 (원단위),-0.0722,"[-0.1623, 0.0013]",194,07_analysis/out/P00152.json,estimates.FF_cell_cat_pre.by_cov.serial_share.coef_multi,06_code/p001_52_balance_maxt.py,8a6da3b569fe28f1,valid
C539,Table6,균형 비희석(다중 라운드): serial_share 표준화 차(sd),-0.1769,"[-0.3976, 0.0032]",194,07_analysis/out/P00152.json,estimates.FF_cell_cat_pre.by_cov.serial_share.std_diff_multi,06_code/p001_52_balance_maxt.py,8a6da3b569fe28f1,valid
C540,Table6,균형 비희석(다중 라운드): serial_share MDE80(sd),0.2971,-,194,07_analysis/out/P00152.json,estimates.FF_cell_cat_pre.by_cov.serial_share.mde80_multi_sd,06_code/p001_52_balance_maxt.py,8a6da3b569fe28f1,valid
C541,Table6,균형 비희석(다중 라운드): hq_us 여−남 (원단위),-0.02184,"[-0.0801, 0.0389]",194,07_analysis/out/P00152.json,estimates.FF_cell_cat_pre.by_cov.hq_us.coef_multi,06_code/p001_52_balance_maxt.py,8a6da3b569fe28f1,valid
C542,Table6,균형 비희석(다중 라운드): hq_us 표준화 차(sd),-0.0639,"[-0.2345, 0.1139]",194,07_analysis/out/P00152.json,estimates.FF_cell_cat_pre.by_cov.hq_us.std_diff_multi,06_code/p001_52_balance_maxt.py,8a6da3b569fe28f1,valid
C543,Table6,균형 비희석(다중 라운드): hq_us MDE80(sd),0.2577,-,194,07_analysis/out/P00152.json,estimates.FF_cell_cat_pre.by_cov.hq_us.mde80_multi_sd,06_code/p001_52_balance_maxt.py,8a6da3b569fe28f1,valid
C544,Table6,균형 비희석(다중 라운드): prev_investor_count 여−남 (원단위),-1.34036,"[-2.4380, -0.6719]",125,07_analysis/out/P00152.json,estimates.FF_cell_cat_pre.by_cov.prev_investor_count.coef_multi,06_code/p001_52_balance_maxt.py,8a6da3b569fe28f1,valid
C545,Table6,균형 비희석(다중 라운드): prev_investor_count 표준화 차(sd),-0.4828,"[-0.8781, -0.2420]",125,07_analysis/out/P00152.json,estimates.FF_cell_cat_pre.by_cov.prev_investor_count.std_diff_multi,06_code/p001_52_balance_maxt.py,8a6da3b569fe28f1,valid
C546,Table6,균형 비희석(다중 라운드): prev_investor_count MDE80(sd),0.4450,-,125,07_analysis/out/P00152.json,estimates.FF_cell_cat_pre.by_cov.prev_investor_count.mde80_multi_sd,06_code/p001_52_balance_maxt.py,8a6da3b569fe28f1,valid
C547,Table6,균형 비희석(다중 라운드): ln_round_size 여−남 (원단위),-0.3039,"[-0.5634, -0.0362]",188,07_analysis/out/P00152.json,estimates.FF_cell_cat_pre.by_cov.ln_round_size.coef_multi,06_code/p001_52_balance_maxt.py,8a6da3b569fe28f1,valid
C548,Table6,균형 비희석(다중 라운드): ln_round_size 표준화 차(sd),-0.1847,"[-0.3425, -0.0220]",188,07_analysis/out/P00152.json,estimates.FF_cell_cat_pre.by_cov.ln_round_size.std_diff_multi,06_code/p001_52_balance_maxt.py,8a6da3b569fe28f1,valid
C549,Table6,균형 비희석(다중 라운드): ln_round_size MDE80(sd),0.2393,-,188,07_analysis/out/P00152.json,estimates.FF_cell_cat_pre.by_cov.ln_round_size.mde80_multi_sd,06_code/p001_52_balance_maxt.py,8a6da3b569fe28f1,valid
C550,Table6,"균형 max-|t| 결합 순열 p (FF cat, 전 셀)",0.177,-,427,07_analysis/out/P00152.json,estimates.FF_cell_cat_pre.joint_maxt_all.p_perm,06_code/p001_52_balance_maxt.py,8a6da3b569fe28f1,valid
C551,Table6,"균형 max-|t| 크기 보정 (FF cat, 전 셀)",0.06,-,100,07_analysis/out/P00152.json,estimates.FF_cell_cat_pre.joint_maxt_all.size_calibration_reject_rate,06_code/p001_52_balance_maxt.py,8a6da3b569fe28f1,valid
C552,Table6,"균형 max-|t| 결합 순열 p (FF cat, 다중 라운드)",0.194,-,194,07_analysis/out/P00152.json,estimates.FF_cell_cat_pre.joint_maxt_multi.p_perm,06_code/p001_52_balance_maxt.py,8a6da3b569fe28f1,valid
C553,Table6,"균형 max-|t| 결합 순열 p (FF stage, 전 셀)",0.802,-,333,07_analysis/out/P00152.json,estimates.FF_cell_stage_pre.joint_maxt_all.p_perm,06_code/p001_52_balance_maxt.py,8a6da3b569fe28f1,valid
C554,Table6,균형 FF stage 다중 라운드 셀 수,20,-,50,07_analysis/out/P00152.json,estimates.FF_cell_stage_pre.n_multi_round_cells,06_code/p001_52_balance_maxt.py,8a6da3b569fe28f1,valid
C555,Table6,균형 FF stage 다중 라운드 딜 수,50,-,-,07_analysis/out/P00152.json,estimates.FF_cell_stage_pre.n_deals_multi,06_code/p001_52_balance_maxt.py,8a6da3b569fe28f1,valid
C556,Table6,균형 MDE80(sd) 범위 하한 (FF cat 다중),0.258,-,194,07_analysis/out/P00152.json,estimates.FF_cell_cat_pre.equivalence_multi.mde80_sd_range.0,06_code/p001_52_balance_maxt.py,8a6da3b569fe28f1,valid
C557,Table6,균형 MDE80(sd) 범위 상한 (FF cat 다중),0.422,-,194,07_analysis/out/P00152.json,estimates.FF_cell_cat_pre.equivalence_multi.mde80_sd_range.1,06_code/p001_52_balance_maxt.py,8a6da3b569fe28f1,valid
C558,Table6,균형 FF stage 다중: MDE80(sd) 최소 — age,0.4066,-,50,07_analysis/out/P00152.json,estimates.FF_cell_stage_pre.by_cov.age.mde80_multi_sd,06_code/p001_52_balance_maxt.py,8a6da3b569fe28f1,valid
C559,Table6,균형 FF stage 다중: MDE80(sd) 최대 — n_female_founders,0.7705,-,50,07_analysis/out/P00152.json,estimates.FF_cell_stage_pre.by_cov.n_female_founders.mde80_multi_sd,06_code/p001_52_balance_maxt.py,8a6da3b569fe28f1,valid
C560,Table6,Table 10 A: FF 혼성 라운드 중 다음 라운드 36m 없음(결과 구성상 0),199,-,731,07_analysis/out/P00152.json,estimates.Table10A_dilution.n_ff_mixed_rounds_no_next36,06_code/p001_52_balance_maxt.py,8a6da3b569fe28f1,valid
C561,Table6,Table 10 A: 무조건 재참여 행의 결과 상수 라운드 Σx̃² 비중,0.6913,-,731,07_analysis/out/P00152.json,estimates.Table10A_dilution.unconditional_y1_FF.share_sxx_outcome_constant_rounds,06_code/p001_52_balance_maxt.py,8a6da3b569fe28f1,valid
C562,Table7,파트너 내 결과 검정(exit3): 파트너 수,3430,-,49595,07_analysis/out/P00154.json,estimates.A_exit3.sample.n_partners,06_code/p001_54_within_partner_outcome.py,db186b76a0bda95b,valid
C563,Table7,파트너 내 결과 검정(exit3): 여성 파트너 수,416,-,49595,07_analysis/out/P00154.json,estimates.A_exit3.sample.n_female_partners,06_code/p001_54_within_partner_outcome.py,db186b76a0bda95b,valid
C564,Table7,파트너 내 결과 검정(exit3): 딜 수,49595,-,-,07_analysis/out/P00154.json,estimates.A_exit3.sample.n_deals,06_code/p001_54_within_partner_outcome.py,db186b76a0bda95b,valid
C565,Table7,파트너 내 β_int(exit3; 파트너 FE·파트너 군집),0.00473,"[-0.0237, 0.0293]",49583,07_analysis/out/P00154.json,estimates.A_exit3.main_partnerFE_clPartner.ffp.coef,06_code/p001_54_within_partner_outcome.py,db186b76a0bda95b,valid
C566,Table7,파트너 내 β_int(exit3) MDE80,0.0365,-,49583,07_analysis/out/P00154.json,estimates.A_exit3.main_partnerFE_clPartner.ffp.mde80,06_code/p001_54_within_partner_outcome.py,db186b76a0bda95b,valid
C567,Table7,파트너 내 β_int(exit3) 표준화(sd),0.0141,-,49583,07_analysis/out/P00154.json,estimates.A_exit3.main_partnerFE_clPartner.ffp.beta_std,06_code/p001_54_within_partner_outcome.py,db186b76a0bda95b,valid
C568,Table7,파트너 내 β_FF(exit3; 남성 파트너의 FF−비FF),-0.02687,"[-0.0354, -0.0176]",49583,07_analysis/out/P00154.json,estimates.A_exit3.main_partnerFE_clPartner.ff.coef,06_code/p001_54_within_partner_outcome.py,db186b76a0bda95b,valid
C569,Table7,파트너 내 β_int(exit3; 투자사 군집),0.00473,"[-0.0205, 0.0310]",49583,07_analysis/out/P00154.json,estimates.A_exit3.main_partnerFE_clFirm.ffp.coef,06_code/p001_54_within_partner_outcome.py,db186b76a0bda95b,valid
C570,Table7,파트너 내 β_int(fon),-0.0106,"[-0.0409, 0.0207]",49583,07_analysis/out/P00154.json,estimates.B_fon.main_partnerFE_clPartner.ffp.coef,06_code/p001_54_within_partner_outcome.py,db186b76a0bda95b,valid
C571,Table7,파트너 내 β_int(exit_ever ≤2017-10),-0.06766,"[-0.1213, -0.0165]",28412,07_analysis/out/P00154.json,estimates.C_exit_ever.main_partnerFE_clPartner.ffp.coef,06_code/p001_54_within_partner_outcome.py,db186b76a0bda95b,valid
C572,Table7,파트너 내 β_int(exit3) 변형 V1_firmYearFE,0.00836,"[-0.0179, 0.0341]",45934,07_analysis/out/P00154.json,estimates.A_exit3.V1_firmYearFE.ffp.coef,06_code/p001_54_within_partner_outcome.py,db186b76a0bda95b,valid
C573,Table7,파트너 내 β_int(exit3) 변형 V2_partner2yFE,0.01096,"[-0.0143, 0.0379]",46236,07_analysis/out/P00154.json,estimates.A_exit3.V2_partner2yFE.ffp.coef,06_code/p001_54_within_partner_outcome.py,db186b76a0bda95b,valid
C574,Table7,파트너 내 β_int(exit3) 변형 V3_partners_ge5,0.00562,"[-0.0174, 0.0310]",46758,07_analysis/out/P00154.json,estimates.A_exit3.V3_partners_ge5.ffp.coef,06_code/p001_54_within_partner_outcome.py,db186b76a0bda95b,valid
C575,Table7,파트너 내 β_int(exit3) 변형 V4_2015plus,0.01228,"[-0.0149, 0.0390]",32786,07_analysis/out/P00154.json,estimates.A_exit3.V4_2015plus.ffp.coef,06_code/p001_54_within_partner_outcome.py,db186b76a0bda95b,valid
C576,Table7,파트너 내 β_int(exit3) 변형 V5_company_controls,0.0034,"[-0.0204, 0.0274]",49583,07_analysis/out/P00154.json,estimates.A_exit3.V5_company_controls.ffp.coef,06_code/p001_54_within_partner_outcome.py,db186b76a0bda95b,valid
C577,Table7,파트너 내 β_int 구성물 분해(≤2017-10) y=exit3,-0.01471,"[-0.0519, 0.0273]",28412,07_analysis/out/P00157.json,estimates.A_2017.exit3.ffp.coef,06_code/p001_57_within_partner_horizon.py,9c74bd689e35f88c,valid
C578,Table7,파트너 내 β_int 구성물 분해(≤2017-10) y=exit6,-0.04403,"[-0.0964, 0.0025]",28412,07_analysis/out/P00157.json,estimates.A_2017.exit6.ffp.coef,06_code/p001_57_within_partner_horizon.py,9c74bd689e35f88c,valid
C579,Table7,파트너 내 β_int 구성물 분해(≤2017-10) y=exit_ever,-0.06766,"[-0.1167, -0.0153]",28412,07_analysis/out/P00157.json,estimates.A_2017.exit_ever.ffp.coef,06_code/p001_57_within_partner_horizon.py,9c74bd689e35f88c,valid
C580,Table7,파트너 내 β_int 구성물 분해(≤2017-10) y=late_exit,-0.05295,"[-0.1101, 0.0026]",28412,07_analysis/out/P00157.json,estimates.A_2017.late_exit.ffp.coef,06_code/p001_57_within_partner_horizon.py,9c74bd689e35f88c,valid
C581,Table7,파트너 내 β_int 구성물 분해(≤2017-10) y=fon,-0.00750,"[-0.0520, 0.0373]",28412,07_analysis/out/P00157.json,estimates.A_2017.fon.ffp.coef,06_code/p001_57_within_partner_horizon.py,9c74bd689e35f88c,valid
C582,Table5,Table 3 고정지평(exit3 ≤2020-10) firm×year×sector: 다중 라운드 셀 수,174,-,649,07_analysis/out/P00155.json,estimates.A_exit3_2020.cell_cat.n_multi_round_cells,06_code/p001_55_table3_fixed_horizon_ladder.py,473f5fc7a612d777,valid
C583,Table5,Table 3 고정지평 firm×year×sector: 다중 라운드 딜 수,649,-,-,07_analysis/out/P00155.json,estimates.A_exit3_2020.cell_cat.n_deals_multi,06_code/p001_55_table3_fixed_horizon_ladder.py,473f5fc7a612d777,valid
C584,Table5,Table 3 고정지평 firm×year×sector: 결과 변이 셀 수,60,-,240,07_analysis/out/P00155.json,estimates.A_exit3_2020.cell_cat.n_cells_var_pos,06_code/p001_55_table3_fixed_horizon_ladder.py,473f5fc7a612d777,valid
C585,Table5,Table 3 고정지평 firm×year×sector: 희석 d,0.4745,-,1169,07_analysis/out/P00155.json,estimates.A_exit3_2020.cell_cat.dilution_share_sxx_single_round,06_code/p001_55_table3_fixed_horizon_ladder.py,473f5fc7a612d777,valid
C586,Table5,Table 3 고정지평 firm×year×sector: β 전체(pp),-1.341,-,13116,07_analysis/out/P00155.json,estimates.A_exit3_2020.cell_cat.beta_full_pp,06_code/p001_55_table3_fixed_horizon_ladder.py,473f5fc7a612d777,valid
C587,Table5,Table 3 고정지평 firm×year×sector: β 다중 라운드(pp),-2.553,"[-9.37, 2.96]",649,07_analysis/out/P00155.json,estimates.A_exit3_2020.cell_cat.beta_multi_pp,06_code/p001_55_table3_fixed_horizon_ladder.py,473f5fc7a612d777,valid
C588,Table5,Table 3 고정지평 firm×year×sector: MDE80 다중(pp),8.43,-,649,07_analysis/out/P00155.json,estimates.A_exit3_2020.cell_cat.mde80_multi_pp,06_code/p001_55_table3_fixed_horizon_ladder.py,473f5fc7a612d777,valid
C589,Table5,Table 3 고정지평 firm×year×sector: MDE80 다중(sd),0.259,-,649,07_analysis/out/P00155.json,estimates.A_exit3_2020.cell_cat.mde80_multi_sd,06_code/p001_55_table3_fixed_horizon_ladder.py,473f5fc7a612d777,valid
C590,Table5,Table 3 고정지평 firm×year×sector: 위약 p95(pp),5.47,-,649,07_analysis/out/P00155.json,estimates.A_exit3_2020.cell_cat.placebo_p95_multi_pp,06_code/p001_55_table3_fixed_horizon_ladder.py,473f5fc7a612d777,valid
C591,Table5,Table 3 고정지평(exit3 ≤2020-10) +stage: 다중 라운드 셀 수,78,-,257,07_analysis/out/P00155.json,estimates.A_exit3_2020.cell_stage.n_multi_round_cells,06_code/p001_55_table3_fixed_horizon_ladder.py,473f5fc7a612d777,valid
C592,Table5,Table 3 고정지평 +stage: 다중 라운드 딜 수,257,-,-,07_analysis/out/P00155.json,estimates.A_exit3_2020.cell_stage.n_deals_multi,06_code/p001_55_table3_fixed_horizon_ladder.py,473f5fc7a612d777,valid
C593,Table5,Table 3 고정지평 +stage: 결과 변이 셀 수,23,-,71,07_analysis/out/P00155.json,estimates.A_exit3_2020.cell_stage.n_cells_var_pos,06_code/p001_55_table3_fixed_horizon_ladder.py,473f5fc7a612d777,valid
C594,Table5,Table 3 고정지평 +stage: 희석 d,0.7429,-,950,07_analysis/out/P00155.json,estimates.A_exit3_2020.cell_stage.dilution_share_sxx_single_round,06_code/p001_55_table3_fixed_horizon_ladder.py,473f5fc7a612d777,valid
C595,Table5,Table 3 고정지평 +stage: β 전체(pp),-0.345,-,13116,07_analysis/out/P00155.json,estimates.A_exit3_2020.cell_stage.beta_full_pp,06_code/p001_55_table3_fixed_horizon_ladder.py,473f5fc7a612d777,valid
C596,Table5,Table 3 고정지평 +stage: β 다중 라운드(pp),-1.342,"[-12.50, 7.16]",257,07_analysis/out/P00155.json,estimates.A_exit3_2020.cell_stage.beta_multi_pp,06_code/p001_55_table3_fixed_horizon_ladder.py,473f5fc7a612d777,valid
C597,Table5,Table 3 고정지평 +stage: MDE80 다중(pp),14.24,-,257,07_analysis/out/P00155.json,estimates.A_exit3_2020.cell_stage.mde80_multi_pp,06_code/p001_55_table3_fixed_horizon_ladder.py,473f5fc7a612d777,valid
C598,Table5,Table 3 고정지평 +stage: MDE80 다중(sd),0.438,-,257,07_analysis/out/P00155.json,estimates.A_exit3_2020.cell_stage.mde80_multi_sd,06_code/p001_55_table3_fixed_horizon_ladder.py,473f5fc7a612d777,valid
C599,Table5,Table 3 고정지평 +stage: 위약 p95(pp),8.50,-,257,07_analysis/out/P00155.json,estimates.A_exit3_2020.cell_stage.placebo_p95_multi_pp,06_code/p001_55_table3_fixed_horizon_ladder.py,473f5fc7a612d777,valid
C600,Table5,Table 3 고정지평(exit3 ≤2020-10) firm×2yr×sector: 다중 라운드 셀 수,226,-,948,07_analysis/out/P00155.json,estimates.A_exit3_2020.c2.n_multi_round_cells,06_code/p001_55_table3_fixed_horizon_ladder.py,473f5fc7a612d777,valid
C601,Table5,Table 3 고정지평 firm×2yr×sector: 다중 라운드 딜 수,948,-,-,07_analysis/out/P00155.json,estimates.A_exit3_2020.c2.n_deals_multi,06_code/p001_55_table3_fixed_horizon_ladder.py,473f5fc7a612d777,valid
C602,Table5,Table 3 고정지평 firm×2yr×sector: 결과 변이 셀 수,79,-,346,07_analysis/out/P00155.json,estimates.A_exit3_2020.c2.n_cells_var_pos,06_code/p001_55_table3_fixed_horizon_ladder.py,473f5fc7a612d777,valid
C603,Table5,Table 3 고정지평 firm×2yr×sector: 희석 d,0.3110,-,1328,07_analysis/out/P00155.json,estimates.A_exit3_2020.c2.dilution_share_sxx_single_round,06_code/p001_55_table3_fixed_horizon_ladder.py,473f5fc7a612d777,valid
C604,Table5,Table 3 고정지평 firm×2yr×sector: β 전체(pp),-0.212,-,13116,07_analysis/out/P00155.json,estimates.A_exit3_2020.c2.beta_full_pp,06_code/p001_55_table3_fixed_horizon_ladder.py,473f5fc7a612d777,valid
C605,Table5,Table 3 고정지평 firm×2yr×sector: β 다중 라운드(pp),-0.307,"[-4.43, 3.47]",948,07_analysis/out/P00155.json,estimates.A_exit3_2020.c2.beta_multi_pp,06_code/p001_55_table3_fixed_horizon_ladder.py,473f5fc7a612d777,valid
C606,Table5,Table 3 고정지평 firm×2yr×sector: MDE80 다중(pp),5.77,-,948,07_analysis/out/P00155.json,estimates.A_exit3_2020.c2.mde80_multi_pp,06_code/p001_55_table3_fixed_horizon_ladder.py,473f5fc7a612d777,valid
C607,Table5,Table 3 고정지평 firm×2yr×sector: MDE80 다중(sd),0.177,-,948,07_analysis/out/P00155.json,estimates.A_exit3_2020.c2.mde80_multi_sd,06_code/p001_55_table3_fixed_horizon_ladder.py,473f5fc7a612d777,valid
C608,Table5,Table 3 고정지평 firm×2yr×sector: 위약 p95(pp),4.34,-,948,07_analysis/out/P00155.json,estimates.A_exit3_2020.c2.placebo_p95_multi_pp,06_code/p001_55_table3_fixed_horizon_ladder.py,473f5fc7a612d777,valid
C609,Table5,Table 3 고정지평(exit3 ≤2020-10) firm×3yr×sector: 다중 라운드 셀 수,242,-,1118,07_analysis/out/P00155.json,estimates.A_exit3_2020.c3.n_multi_round_cells,06_code/p001_55_table3_fixed_horizon_ladder.py,473f5fc7a612d777,valid
C610,Table5,Table 3 고정지평 firm×3yr×sector: 다중 라운드 딜 수,1118,-,-,07_analysis/out/P00155.json,estimates.A_exit3_2020.c3.n_deals_multi,06_code/p001_55_table3_fixed_horizon_ladder.py,473f5fc7a612d777,valid
C611,Table5,Table 3 고정지평 firm×3yr×sector: 결과 변이 셀 수,82,-,442,07_analysis/out/P00155.json,estimates.A_exit3_2020.c3.n_cells_var_pos,06_code/p001_55_table3_fixed_horizon_ladder.py,473f5fc7a612d777,valid
C612,Table5,Table 3 고정지평 firm×3yr×sector: 희석 d,0.2547,-,1443,07_analysis/out/P00155.json,estimates.A_exit3_2020.c3.dilution_share_sxx_single_round,06_code/p001_55_table3_fixed_horizon_ladder.py,473f5fc7a612d777,valid
C613,Table5,Table 3 고정지평 firm×3yr×sector: β 전체(pp),-0.720,-,13116,07_analysis/out/P00155.json,estimates.A_exit3_2020.c3.beta_full_pp,06_code/p001_55_table3_fixed_horizon_ladder.py,473f5fc7a612d777,valid
C614,Table5,Table 3 고정지평 firm×3yr×sector: β 다중 라운드(pp),-0.966,"[-5.38, 2.63]",1118,07_analysis/out/P00155.json,estimates.A_exit3_2020.c3.beta_multi_pp,06_code/p001_55_table3_fixed_horizon_ladder.py,473f5fc7a612d777,valid
C615,Table5,Table 3 고정지평 firm×3yr×sector: MDE80 다중(pp),5.75,-,1118,07_analysis/out/P00155.json,estimates.A_exit3_2020.c3.mde80_multi_pp,06_code/p001_55_table3_fixed_horizon_ladder.py,473f5fc7a612d777,valid
C616,Table5,Table 3 고정지평 firm×3yr×sector: MDE80 다중(sd),0.177,-,1118,07_analysis/out/P00155.json,estimates.A_exit3_2020.c3.mde80_multi_sd,06_code/p001_55_table3_fixed_horizon_ladder.py,473f5fc7a612d777,valid
C617,Table5,Table 3 고정지평 firm×3yr×sector: 위약 p95(pp),3.86,-,1118,07_analysis/out/P00155.json,estimates.A_exit3_2020.c3.placebo_p95_multi_pp,06_code/p001_55_table3_fixed_horizon_ladder.py,473f5fc7a612d777,valid
C618,Table5,Table 3 고정지평(exit3 ≤2020-10) firm×sector+yearFE: 다중 라운드 셀 수,273,-,1758,07_analysis/out/P00155.json,estimates.A_exit3_2020.cfs.n_multi_round_cells,06_code/p001_55_table3_fixed_horizon_ladder.py,473f5fc7a612d777,valid
C619,Table5,Table 3 고정지평 firm×sector+yearFE: 다중 라운드 딜 수,1758,-,-,07_analysis/out/P00155.json,estimates.A_exit3_2020.cfs.n_deals_multi,06_code/p001_55_table3_fixed_horizon_ladder.py,473f5fc7a612d777,valid
C620,Table5,Table 3 고정지평 firm×sector+yearFE: 결과 변이 셀 수,109,-,908,07_analysis/out/P00155.json,estimates.A_exit3_2020.cfs.n_cells_var_pos,06_code/p001_55_table3_fixed_horizon_ladder.py,473f5fc7a612d777,valid
C621,Table5,Table 3 고정지평 firm×sector+yearFE: 희석 d,0.1180,-,1951,07_analysis/out/P00155.json,estimates.A_exit3_2020.cfs.dilution_share_sxx_single_round,06_code/p001_55_table3_fixed_horizon_ladder.py,473f5fc7a612d777,valid
C622,Table5,Table 3 고정지평 firm×sector+yearFE: β 전체(pp),-2.861,-,13116,07_analysis/out/P00155.json,estimates.A_exit3_2020.cfs.beta_full_pp,06_code/p001_55_table3_fixed_horizon_ladder.py,473f5fc7a612d777,valid
C623,Table5,Table 3 고정지평 firm×sector+yearFE: β 다중 라운드(pp),-2.184,"[-5.90, 1.53]",1758,07_analysis/out/P00155.json,estimates.A_exit3_2020.cfs.beta_multi_pp,06_code/p001_55_table3_fixed_horizon_ladder.py,473f5fc7a612d777,valid
C624,Table5,Table 3 고정지평 firm×sector+yearFE: MDE80 다중(pp),5.3,-,1758,07_analysis/out/P00155.json,estimates.A_exit3_2020.cfs.mde80_multi_pp,06_code/p001_55_table3_fixed_horizon_ladder.py,473f5fc7a612d777,valid
C625,Table5,Table 3 고정지평 firm×sector+yearFE: MDE80 다중(sd),0.163,-,1758,07_analysis/out/P00155.json,estimates.A_exit3_2020.cfs.mde80_multi_sd,06_code/p001_55_table3_fixed_horizon_ladder.py,473f5fc7a612d777,valid
C626,Table5,Table 3 고정지평 firm×sector+yearFE: 위약 p95(pp),3.23,-,1758,07_analysis/out/P00155.json,estimates.A_exit3_2020.cfs.placebo_p95_multi_pp,06_code/p001_55_table3_fixed_horizon_ladder.py,473f5fc7a612d777,valid
C627,Table5,"Table 3 딜 수준 코딩(fo vs mo, cell_cat exit3): β(pp)",-8.266,"[-21.25, -0.20]",332,07_analysis/out/P00155.json,estimates.D_deal_level_coding.cell_cat.beta_fo_vs_mo_pp,06_code/p001_55_table3_fixed_horizon_ladder.py,473f5fc7a612d777,valid
C628,Table5,Table 3 딜 수준 코딩: fo 변이 셀 수,113,-,332,07_analysis/out/P00155.json,estimates.D_deal_level_coding.cell_cat.n_cells_fo_var,06_code/p001_55_table3_fixed_horizon_ladder.py,473f5fc7a612d777,valid
C629,Table5,Table 3 딜 수준 코딩: MDE80(pp),15.54,-,332,07_analysis/out/P00155.json,estimates.D_deal_level_coding.cell_cat.mde80_pp,06_code/p001_55_table3_fixed_horizon_ladder.py,473f5fc7a612d777,valid
C630,Table5,Table 3 기준 재현(exit_ever ≤2017-10) β 다중(pp),-10.486,"[-23.04, 1.91]",194,07_analysis/out/P00155.json,estimates.B_exit_ever_2017.cell_cat.beta_multi_pp,06_code/p001_55_table3_fixed_horizon_ladder.py,473f5fc7a612d777,valid
C631,TableIA6,"라운드 내 재참여 + CB·FormD 펀드 통제, any-female",-0.00395,"[-0.0438, 0.0330]",1609,07_analysis/out/P00158.json,estimates.P1_within_round_fund_controls.both.any_female.fp.coef,06_code/p001_58_public_sources_controls.py,f1d27e1917f02afb,valid
C632,TableIA6,"라운드 내 재참여 + CB·FormD 펀드 통제, female-only",-0.01691,"[-0.0572, 0.0253]",1287,07_analysis/out/P00158.json,estimates.P1_within_round_fund_controls.both.female_only.fp.coef,06_code/p001_58_public_sources_controls.py,f1d27e1917f02afb,valid
C633,TableIA6,"라운드 내 재참여 + CB 펀드 통제, any-female",-0.00187,"[-0.0488, 0.0392]",1609,07_analysis/out/P00158.json,estimates.P1_within_round_fund_controls.cb_funds.any_female.fp.coef,06_code/p001_58_public_sources_controls.py,f1d27e1917f02afb,valid
C634,TableIA6,"라운드 내 재참여 + FormD 통제, any-female",-0.0071,"[-0.0452, 0.0292]",1609,07_analysis/out/P00158.json,estimates.P1_within_round_fund_controls.formd.any_female.fp.coef,06_code/p001_58_public_sources_controls.py,f1d27e1917f02afb,valid
C635,TableIA6,라운드 내 투자자 균형: 펀드 나이 F−M (년),-0.3331,"[-0.5631, -0.0659]",1094,07_analysis/out/P00158.json,estimates.P1_within_round_fund_controls.balance.fund_age.fp.coef,06_code/p001_58_public_sources_controls.py,f1d27e1917f02afb,valid
C636,TableIA6,라운드 내 투자자 균형: ln 펀드 규모 F−M,-0.37239,"[-0.5793, -0.1668]",960,07_analysis/out/P00158.json,estimates.P1_within_round_fund_controls.balance.ln_fund_size.fp.coef,06_code/p001_58_public_sources_controls.py,f1d27e1917f02afb,valid
C637,TableIA6,양성 대조: y1 ← 펀드 나이,-0.02115,"[-0.0356, -0.0090]",1094,07_analysis/out/P00158.json,estimates.P1_within_round_fund_controls.positive_controls.fund_age.coef.coef,06_code/p001_58_public_sources_controls.py,f1d27e1917f02afb,valid
C638,TableIA6,양성 대조: y1 ← ln 펀드 규모,0.03484,"[0.0158, 0.0544]",960,07_analysis/out/P00158.json,estimates.P1_within_round_fund_controls.positive_controls.ln_fund_size.coef.coef,06_code/p001_58_public_sources_controls.py,f1d27e1917f02afb,valid
C639,TableIA6,라운드 내 FF 조건 행의 Form D T1 커버,0.2287,-,1609,07_analysis/out/P00158.json,estimates.P1_within_round_fund_controls.coverage.fd_any,06_code/p001_58_public_sources_controls.py,f1d27e1917f02afb,valid
C640,Table8,"Mundlak between fm_terrain (기준 재현, P001-58)",0.44687,"[0.2090, 0.7129]",2009,07_analysis/out/P00158.json,estimates.P2_between_firm_decomposition.baseline.fm_terrain.coef,06_code/p001_58_public_sources_controls.py,f1d27e1917f02afb,valid
C641,Table8,Mundlak between fm_terrain + 회사 펀드 변수(CB·FormD),0.43811,"[0.1434, 0.6883]",2009,07_analysis/out/P00158.json,estimates.P2_between_firm_decomposition.firm_both.fm_terrain.coef,06_code/p001_58_public_sources_controls.py,f1d27e1917f02afb,valid
C642,Table8,Mundlak 대비(within−between) + 회사 펀드 변수,-0.4644,"[-0.8074, -0.0819]",2009,07_analysis/out/P00158.json,estimates.P2_between_firm_decomposition.firm_both.contrast_within_minus_between.coef,06_code/p001_58_public_sources_controls.py,f1d27e1917f02afb,valid
C643,Table8,fm_terrain ~ 회사 펀드 변수 R²,0.0578,-,1150,07_analysis/out/P00158.json,estimates.P2_between_firm_decomposition.fm_terrain_on_firm_vars.r2,06_code/p001_58_public_sources_controls.py,f1d27e1917f02afb,valid
C644,TableIA6,식별 셀 균형: 딜 이전 특허 출원 보유 F−M,-0.11773,"[-0.1994, -0.0481]",194,07_analysis/out/P00158.json,estimates.P3_patents.balance_identifying_cells.covs.any_patent_before.fp.coef,06_code/p001_58_public_sources_controls.py,f1d27e1917f02afb,valid
C645,TableIA6,식별 셀 균형: 딜 이전 특허 출원 보유 표준화 차,-0.2685,"[-0.4547, -0.1097]",194,07_analysis/out/P00158.json,estimates.P3_patents.balance_identifying_cells.covs.any_patent_before.fp.std_diff,06_code/p001_58_public_sources_controls.py,f1d27e1917f02afb,valid
C646,TableIA6,식별 셀 균형: ln(1+출원 수) F−M,-0.26280,"[-0.4481, -0.1359]",194,07_analysis/out/P00158.json,estimates.P3_patents.balance_identifying_cells.covs.ln_app_before.fp.coef,06_code/p001_58_public_sources_controls.py,f1d27e1917f02afb,valid
C647,Table5,파트너 내 β_int(exit3) + 특허 통제,0.00533,"[-0.0145, 0.0275]",49583,07_analysis/out/P00158.json,estimates.P3_patents.within_partner_exit3.patents.ffp.coef,06_code/p001_58_public_sources_controls.py,f1d27e1917f02afb,valid
C648,Table5,파트너 내: any_patent_before → exit3 잔차,0.03675,"[0.0163, 0.0546]",49583,07_analysis/out/P00158.json,estimates.P3_patents.within_partner_exit3.patents.any_patent_before.coef,06_code/p001_58_public_sources_controls.py,f1d27e1917f02afb,valid
C649,Table5,파트너 내 표본의 특허 매칭 회사 딜 비중,0.3623,-,49583,07_analysis/out/P00158.json,estimates.P3_patents.within_partner_exit3.deal_coverage.matched_assignee,06_code/p001_58_public_sources_controls.py,f1d27e1917f02afb,valid
C650,Table7,파트너 내 β_int(exit_ever ≤2017) 표준화(sd),-0.1496,-,28412,07_analysis/out/P00154.json,estimates.C_exit_ever.main_partnerFE_clPartner.ffp.beta_std,06_code/p001_54_within_partner_outcome.py,db186b76a0bda95b,valid
C651,TableIA2,§6 회사 변수 커버: CB 펀드 기록 있는 파트너-회사 비중,0.8561,-,2654,07_analysis/out/P00158.json,estimates.P2_between_firm_decomposition.firm_cb_any_fund,06_code/p001_58_public_sources_controls.py,f1d27e1917f02afb,valid
C652,TableIA2,§6 회사 변수 커버: Form D T1 있는 파트너-회사 비중,0.2084,-,2654,07_analysis/out/P00158.json,estimates.P2_between_firm_decomposition.firm_fd_any,06_code/p001_58_public_sources_controls.py,f1d27e1917f02afb,valid
C653,Table7,"파트너 내 β_int exit_ever ≤2017, 빈티지 2010–14",-0.10120,"[-0.1756,-0.0320]",15124,07_analysis/out/P00159.json,estimates.A_vintage_horizon.exit_ever_2017.2010-14.ffp.coef,06_code/p001_59_within_partner_extensions.py,3b26084abfec8048,valid
C654,Table7,"파트너 내 β_int exit_ever ≤2017, 빈티지 2015–17",-0.03371,"[-0.1082,0.0259]",12871,07_analysis/out/P00159.json,estimates.A_vintage_horizon.exit_ever_2017.2015-17.ffp.coef,06_code/p001_59_within_partner_extensions.py,3b26084abfec8048,valid
C655,Table7,"파트너 내 β_int exit3 ≤2020, 빈티지 2010–14",-0.02805,"[-0.0956,0.0389]",16299,07_analysis/out/P00159.json,estimates.A_vintage_horizon.exit3_2020.2010-14.ffp.coef,06_code/p001_59_within_partner_extensions.py,3b26084abfec8048,valid
C656,Table7,"파트너 내 β_int exit3 ≤2020, 빈티지 2015–17",-0.00042,"[-0.0489,0.0459]",15227,07_analysis/out/P00159.json,estimates.A_vintage_horizon.exit3_2020.2015-17.ffp.coef,06_code/p001_59_within_partner_extensions.py,3b26084abfec8048,valid
C657,Table7,"파트너 내 β_int exit3 ≤2020, 빈티지 2018–20",0.0305,"[0.0002,0.0639]",16738,07_analysis/out/P00159.json,estimates.A_vintage_horizon.exit3_2020.2018-20.ffp.coef,06_code/p001_59_within_partner_extensions.py,3b26084abfec8048,valid
C658,Table7,"파트너 내 β_int exit_ever ≤2017, 2020-11 이후 귀속 딜 있는 파트너",-0.07132,"[-0.1367,-0.0038]",23608,07_analysis/out/P00159.json,estimates.A_vintage_horizon.exit_ever_2017_active_partners.ffp.coef,06_code/p001_59_within_partner_extensions.py,3b26084abfec8048,valid
C659,Table7,파트너 내 β_int ipo_ever ≤2017,-0.03136,"[-0.0720,0.0022]",28412,07_analysis/out/P00159.json,estimates.C_influence_decomposition_multiplicity.ipo_ever.ffp.coef,06_code/p001_59_within_partner_extensions.py,3b26084abfec8048,valid
C660,Table7,파트너 내 β_int acq_ever(IPO 제외) ≤2017,-0.03630,"[-0.0963,0.0255]",28412,07_analysis/out/P00159.json,estimates.C_influence_decomposition_multiplicity.acq_ever.ffp.coef,06_code/p001_59_within_partner_extensions.py,3b26084abfec8048,valid
C661,Table7,exit_ever β_int leave-one-female-partner-out 최대 |이동|,0.00868,-,204,07_analysis/out/P00159.json,estimates.C_influence_decomposition_multiplicity.exit_ever_loo_female.max_abs_shift,06_code/p001_59_within_partner_extensions.py,3b26084abfec8048,valid
C662,Table7,Holm 보정 p (exit_ever β_int; 세 결과),0.042,-,-,07_analysis/out/P00159.json,estimates.C_influence_decomposition_multiplicity.holm_adjusted_p.holm.exit_ever,06_code/p001_59_within_partner_extensions.py,3b26084abfec8048,valid
C663,Table7,파트너 내 표본 밖 여성 파트너 FF 딜 비중,0.2347,-,1981,07_analysis/out/P00159.json,estimates.D_selection.share_outside_within_partner_sample,06_code/p001_59_within_partner_extensions.py,3b26084abfec8048,valid
C664,Table7,"라운드 내 any-female 2,000회 부트 b",-0.00378,"[-0.0413,0.0334]",1609,07_analysis/out/P00159.json,estimates.E_within_round_2000.any_female.fp.coef,06_code/p001_59_within_partner_extensions.py,3b26084abfec8048,valid
C665,Table7,"라운드 내 female-only 2,000회 부트 b",-0.01533,"[-0.0606,0.0313]",1287,07_analysis/out/P00159.json,estimates.E_within_round_2000.female_only.fp.coef,06_code/p001_59_within_partner_extensions.py,3b26084abfec8048,valid
C666,Table7,"여성 파트너 자신 FF−other 격차(β_FF+β_int) exit3 ≤2020, 2000회",-0.02213,"[-0.0442,-0.0005]",49583,07_analysis/out/P00160.json,estimates.A_female_own_gap.exit3.female_own_gap_ff_plus_ffp.coef,06_code/p001_60_review_reanalyses.py,12519b529b4ee960,valid
C667,Table7,여성 파트너 자신 FF−other 격차 fon ≤2020,-0.01478,"[-0.0439,0.0174]",49583,07_analysis/out/P00160.json,estimates.A_female_own_gap.fon.female_own_gap_ff_plus_ffp.coef,06_code/p001_60_review_reanalyses.py,12519b529b4ee960,valid
C668,Table7,여성 파트너 자신 FF−other 격차 exit_ever ≤2017,-0.08624,"[-0.1383,-0.0323]",28412,07_analysis/out/P00160.json,estimates.A_female_own_gap.exit_ever.female_own_gap_ff_plus_ffp.coef,06_code/p001_60_review_reanalyses.py,12519b529b4ee960,valid
C669,Table7,"빈티지 대비 exit_ever: β_int(2015–17)−β_int(2010–14), 풀 상호작용",0.01919,"[-0.0609,0.1006]",28412,07_analysis/out/P00160.json,estimates.B_vintage_contrast.exit_ever_2017.contrast_2015_17_minus_2010_14.coef,06_code/p001_60_review_reanalyses.py,12519b529b4ee960,valid
C670,Table7,풀 상호작용 β_int(2010–14) exit_ever,-0.07634,"[-0.1458,-0.0060]",28412,07_analysis/out/P00160.json,estimates.B_vintage_contrast.exit_ever_2017.beta_int_2010_14.coef,06_code/p001_60_review_reanalyses.py,12519b529b4ee960,valid
C671,Table7,풀 상호작용 β_int(2015–17) exit_ever,-0.05714,"[-0.1162,0.0083]",28412,07_analysis/out/P00160.json,estimates.B_vintage_contrast.exit_ever_2017.beta_int_2015_17.coef,06_code/p001_60_review_reanalyses.py,12519b529b4ee960,valid
C672,Table7,빈티지 대비 exit3: β_int(2018–20)−β_int(2010–14),0.01218,"[-0.0537,0.0736]",49583,07_analysis/out/P00160.json,estimates.B_vintage_contrast.exit3_2020.contrast_2018_20_minus_2010_14.coef,06_code/p001_60_review_reanalyses.py,12519b529b4ee960,valid
C673,IA.1,[v1 구축(벤더 기록 그대로) 사본] 딜 이후 출구 규칙: 파트너 내 β_int exit3,0.00638,"[-0.0192,0.0262]",49583,07_analysis/out/P00160_v1.json,estimates.C_post_deal_exit_rule.within_partner_exit3.post_deal_rule.coef,06_code/p001_60_review_reanalyses.py,6a4ac9ac4b558c05,valid
C674,IA.1,[v1 구축(벤더 기록 그대로) 사본] 딜 이후 출구 규칙: 파트너 내 β_int exit_ever,-0.06497,"[-0.1169,-0.0104]",28412,07_analysis/out/P00160_v1.json,estimates.C_post_deal_exit_rule.within_partner_exit_ever.post_deal_rule.coef,06_code/p001_60_review_reanalyses.py,6a4ac9ac4b558c05,valid
C675,IA.1,[v1 구축(벤더 기록 그대로) 사본] 딜 이후 출구 규칙: Table 4 동류 비교 GLOBAL,-0.06067,"[-0.1181,-0.0117]",475,07_analysis/out/P00160_v1.json,estimates.C_post_deal_exit_rule.table3_peer_GLOBAL.post_deal_rule.fp.coef,06_code/p001_60_review_reanalyses.py,6a4ac9ac4b558c05,valid
C676,IA.1,[v1 구축(벤더 기록 그대로) 사본] 딜 이후 출구 규칙: Table 4 동류 비교 NA+EU,-0.0435,"[-0.1018,0.0034]",427,07_analysis/out/P00160_v1.json,estimates.C_post_deal_exit_rule.table3_peer_NAEU.post_deal_rule.fp.coef,06_code/p001_60_review_reanalyses.py,6a4ac9ac4b558c05,valid
C677,IA.1,[v1 구축(벤더 기록 그대로) 사본] Table 4 동류 비교 GLOBAL 재현(P001-60),-0.06246,"[-0.1246,-0.0111]",475,07_analysis/out/P00160_v1.json,estimates.C_post_deal_exit_rule.table3_peer_GLOBAL.original.fp.coef,06_code/p001_60_review_reanalyses.py,6a4ac9ac4b558c05,valid
C678,IA.1,[v1 구축(벤더 기록 그대로) 사본] Table 4 동류 비교 NA+EU 재현(P001-60),-0.04549,"[-0.1052,-0.0007]",427,07_analysis/out/P00160_v1.json,estimates.C_post_deal_exit_rule.table3_peer_NAEU.original.fp.coef,06_code/p001_60_review_reanalyses.py,6a4ac9ac4b558c05,valid
C679,IA.1,[v1 구축(벤더 기록 그대로) 사본] 딜 이전 출구 기록 행 수(NA+EU),933,-,0,07_analysis/out/P00160_v1.json,estimates.C_post_deal_exit_rule.pre_deal_exit_records.n_rows_naeu,06_code/p001_60_review_reanalyses.py,6a4ac9ac4b558c05,valid
C680,IA.1,[v1 구축(벤더 기록 그대로) 사본] 딜 이전 출구: exit_ever 양성 중 비중,0.0227,-,0,07_analysis/out/P00160_v1.json,estimates.C_post_deal_exit_rule.pre_deal_exit_records.share_of_exit_ever_positives,06_code/p001_60_review_reanalyses.py,6a4ac9ac4b558c05,valid
C681,IA.1,[v1 구축(벤더 기록 그대로) 사본] 딜 이전 출구: exit3 양성(≤2020) 중 비중,0.0385,-,0,07_analysis/out/P00160_v1.json,estimates.C_post_deal_exit_rule.pre_deal_exit_records.share_of_exit3_positives_2020,06_code/p001_60_review_reanalyses.py,6a4ac9ac4b558c05,valid
C682,IA.1,[v1 구축(벤더 기록 그대로) 사본] 딜 이전 출구: exit_ever 양성(≤2017) 중 비중,0.0093,-,0,07_analysis/out/P00160_v1.json,estimates.C_post_deal_exit_rule.pre_deal_exit_records.share_of_exit_ever_positives_2017,06_code/p001_60_review_reanalyses.py,6a4ac9ac4b558c05,valid
C683,IA.1,[v1 구축(벤더 기록 그대로) 사본] 딜 이전 출구: 인수 선행 건수,834,-,0,07_analysis/out/P00160_v1.json,estimates.C_post_deal_exit_rule.pre_deal_exit_records.acquisition_before_deal,06_code/p001_60_review_reanalyses.py,6a4ac9ac4b558c05,valid
C684,IA.1,[v1 구축(벤더 기록 그대로) 사본] 딜 이전 출구: IPO 선행 건수,52,-,0,07_analysis/out/P00160_v1.json,estimates.C_post_deal_exit_rule.pre_deal_exit_records.ipo_before_deal,06_code/p001_60_review_reanalyses.py,6a4ac9ac4b558c05,valid
C685,IA.1,[v1 구축(벤더 기록 그대로) 사본] 딜 이전 출구: 둘 다,47,-,0,07_analysis/out/P00160_v1.json,estimates.C_post_deal_exit_rule.pre_deal_exit_records.both,06_code/p001_60_review_reanalyses.py,6a4ac9ac4b558c05,valid
C686,IA.1,[v1 구축(벤더 기록 그대로) 사본] 딜 이전 출구: 같은 날,79,-,0,07_analysis/out/P00160_v1.json,estimates.C_post_deal_exit_rule.pre_deal_exit_records.same_day,06_code/p001_60_review_reanalyses.py,6a4ac9ac4b558c05,valid
C687,IA.1,[v1 구축(벤더 기록 그대로) 사본] 딜 이전 출구: 간격 분위(10/50/90일),"[5, 1267, 4202]",-,0,07_analysis/out/P00160_v1.json,estimates.C_post_deal_exit_rule.pre_deal_exit_records.days_deal_after_exit_q10_q50_q90,06_code/p001_60_review_reanalyses.py,6a4ac9ac4b558c05,valid
C688,Table7,파트너 내 eligible 딜 수(≤2020),49898,-,49898,07_analysis/out/P00160.json,estimates.A_female_own_gap.exit3.counts.deals_eligible,06_code/p001_60_review_reanalyses.py,12519b529b4ee960,valid
C689,Table7,파트너 내 벤치마크 단독 셀 탈락 딜,303,-,49898,07_analysis/out/P00160.json,estimates.A_female_own_gap.exit3.counts.deals_dropped_singleton_benchmark_cell,06_code/p001_60_review_reanalyses.py,12519b529b4ee960,valid
C690,Table7,파트너 내 단독 행 파트너 탈락 딜,12,-,49898,07_analysis/out/P00160.json,estimates.A_female_own_gap.exit3.counts.deals_dropped_single_row_partner,06_code/p001_60_review_reanalyses.py,12519b529b4ee960,valid
C691,Table7,파트너 내 eligible 파트너 수,3432,-,3432,07_analysis/out/P00160.json,estimates.A_female_own_gap.exit3.counts.partners_eligible,06_code/p001_60_review_reanalyses.py,12519b529b4ee960,valid
C692,Table7,파트너 내 식별 파트너 수(≤2020),3406,-,3406,07_analysis/out/P00160.json,estimates.A_female_own_gap.exit3.counts.partners_identifying,06_code/p001_60_review_reanalyses.py,12519b529b4ee960,valid
C693,Table7,파트너 내 식별 여성 파트너 수(≤2020),413,-,3406,07_analysis/out/P00160.json,estimates.A_female_own_gap.exit3.counts.female_partners_identifying,06_code/p001_60_review_reanalyses.py,12519b529b4ee960,valid
C694,Table7,파트너 내 eligible 딜(≤2017),28609,-,28609,07_analysis/out/P00160.json,estimates.A_female_own_gap.exit_ever.counts.deals_eligible,06_code/p001_60_review_reanalyses.py,12519b529b4ee960,valid
C695,Table7,파트너 내 estimation 딜(≤2017),28412,-,28412,07_analysis/out/P00160.json,estimates.A_female_own_gap.exit_ever.counts.deals_estimation,06_code/p001_60_review_reanalyses.py,12519b529b4ee960,valid
C696,Table7,파트너 내 식별 파트너(≤2017),1976,-,1976,07_analysis/out/P00160.json,estimates.A_female_own_gap.exit_ever.counts.partners_identifying,06_code/p001_60_review_reanalyses.py,12519b529b4ee960,valid
C697,Table7,파트너 내 식별 여성 파트너(≤2017),203,-,1976,07_analysis/out/P00160.json,estimates.A_female_own_gap.exit_ever.counts.female_partners_identifying,06_code/p001_60_review_reanalyses.py,12519b529b4ee960,valid
C698,Table8,확장 Mundlak(adj·ln_n 분해) between terrain,0.43988,"[0.1659,0.6870]",2009,07_analysis/out/P00160.json,estimates.D_mundlak_extended.full_mundlak_adj_lnn.fm_terrain.coef,06_code/p001_60_review_reanalyses.py,12519b529b4ee960,valid
C699,Table8,확장 Mundlak within terrain,-0.02065,"[-0.2604,0.2482]",2009,07_analysis/out/P00160.json,estimates.D_mundlak_extended.full_mundlak_adj_lnn.dev_terrain.coef,06_code/p001_60_review_reanalyses.py,12519b529b4ee960,valid
C700,Table8,확장 Mundlak 대비 within−between,-0.46053,"[-0.7657,-0.1002]",2009,07_analysis/out/P00160.json,estimates.D_mundlak_extended.full_mundlak_adj_lnn.contrast_dev_minus_fm.coef,06_code/p001_60_review_reanalyses.py,12519b529b4ee960,valid
C701,Table8,확장 Mundlak fm_adj,0.20325,"[0.0629,0.3540]",2009,07_analysis/out/P00160.json,estimates.D_mundlak_extended.full_mundlak_adj_lnn.fm_adj.coef,06_code/p001_60_review_reanalyses.py,12519b529b4ee960,valid
C702,Table8,확장 Mundlak dev_adj,0.08115,"[-0.0548,0.2366]",2009,07_analysis/out/P00160.json,estimates.D_mundlak_extended.full_mundlak_adj_lnn.dev_adj.coef,06_code/p001_60_review_reanalyses.py,12519b529b4ee960,valid
C703,Table8,전 변수 분해 Mundlak between terrain,0.45958,"[0.1656,0.7034]",2009,07_analysis/out/P00160.json,estimates.D_mundlak_extended.full_mundlak_all_within_between.fm_terrain.coef,06_code/p001_60_review_reanalyses.py,12519b529b4ee960,valid
C704,Table8,전 변수 분해 Mundlak within terrain,-0.03620,"[-0.3431,0.2179]",2009,07_analysis/out/P00160.json,estimates.D_mundlak_extended.full_mundlak_all_within_between.dev_terrain.coef,06_code/p001_60_review_reanalyses.py,12519b529b4ee960,valid
C705,Table8,전 변수 분해 Mundlak 대비,-0.49578,"[-0.8518,-0.1126]",2009,07_analysis/out/P00160.json,estimates.D_mundlak_extended.full_mundlak_all_within_between.contrast_dev_minus_fm.coef,06_code/p001_60_review_reanalyses.py,12519b529b4ee960,valid
C706,Table8,"고정지평 corr(fm_terrain, fm_adj)",0.0864,-,2654,07_analysis/out/P00160.json,estimates.D_mundlak_extended.corr_fm_terrain_fm_adj,06_code/p001_60_review_reanalyses.py,12519b529b4ee960,valid
C707,TableIA7,"Table 7B 재모수화: A 계수 (β_R+β_A), R−A 고정",-0.1833,"[-0.3143,-0.0484]",2680,07_analysis/out/P00118b.json,estimates.beta_adj_given_rankdiff.0,06_code/p001_18b_career_fix.py,47f71a1fba20cac2,valid
C708,TableIA6,영입+이탈 합(거울 반전 검정; 공동 추첨) pp,3.72,"[0.0022,0.0674]",242388,07_analysis/out/P00111.json,estimates.join_plus_exit.0,06_code/p001_11_e3_deal_level.py,0ad5962a1bd7c2b7,valid
C709,TableIA6,여성 영입 사후 본인 딜 비중,0.0212,-,47312,07_analysis/out/P00111.json,estimates.mechanical_own_channel.own_share_post_female_join,06_code/p001_11_e3_deal_level.py,0ad5962a1bd7c2b7,valid
C710,TableIA6,본인 딜 FF 비중,0.2884,-,47312,07_analysis/out/P00111.json,estimates.mechanical_own_channel.ff_share_own_deals,06_code/p001_11_e3_deal_level.py,0ad5962a1bd7c2b7,valid
C711,TableIA6,동료 딜 FF 비중,0.2426,-,47312,07_analysis/out/P00111.json,estimates.mechanical_own_channel.ff_share_colleague_deals,06_code/p001_11_e3_deal_level.py,0ad5962a1bd7c2b7,valid
C712,TableIA6,기계적 구성 몫 s·(p_own−p_col) pp,0.1,-,47312,07_analysis/out/P00111.json,estimates.mechanical_own_channel.direct_composition_pp,06_code/p001_11_e3_deal_level.py,0ad5962a1bd7c2b7,valid
C713,TableIA6,첫 여성 파트너인 영입 비중,0.3623,-,1057,07_analysis/out/P00111.json,estimates.female_events.share_first_female_partner,06_code/p001_11_e3_deal_level.py,0ad5962a1bd7c2b7,valid
C714,TableIA6,마지막 여성 파트너 이탈 비중,0.3275,-,400,07_analysis/out/P00111.json,estimates.female_events.share_last_female_partner,06_code/p001_11_e3_deal_level.py,0ad5962a1bd7c2b7,valid
C715,TableIA6,여성 영입 사건 수(추정 표본),1057,-,1057,07_analysis/out/P00111.json,estimates.female_events.n_join,06_code/p001_11_e3_deal_level.py,0ad5962a1bd7c2b7,valid
C716,TableIA6,여성 이탈 사건 수(추정 표본),400,-,400,07_analysis/out/P00111.json,estimates.female_events.n_exit,06_code/p001_11_e3_deal_level.py,0ad5962a1bd7c2b7,valid
C717,IA.1,Form D T1 매칭 CB 운용사 수,1368,-,5051,shared/data/processed/formd_v1/fund_match_summary_v2.json,T1_cb_firms,shared/code/public_sources/match_formd_funds_v2.py,,valid
C718,Table4,"여성 평균 백분위 이동(raw→adjusted; P001-62 A, 500 draws)",4.5927,"[+2.15, +6.84]",2680,papers/P001_gender_screening/07_analysis/out/P00162.json,estimates.A_accounting_sample_end.female_shift.coef,papers/P001_gender_screening/06_code/p001_62_rank_accounting.py,1c3da0e65ff3cd56,valid
C719,Table4,"성별 raw 출구율 차이(여−남, pp)",-2.88,"[-7.16, +1.23]",2680,papers/P001_gender_screening/07_analysis/out/P00162.json,estimates.A_accounting_sample_end.gap_raw,papers/P001_gender_screening/06_code/p001_62_rank_accounting.py,1c3da0e65ff3cd56,valid
C720,Table4,성별 벤치마크 성분 차이(pp),-4.09,"[-6.39, -1.48]",2680,papers/P001_gender_screening/07_analysis/out/P00162.json,estimates.A_accounting_sample_end.gap_comp,papers/P001_gender_screening/06_code/p001_62_rank_accounting.py,1c3da0e65ff3cd56,valid
C721,Table4,성별 조정 출구율 차이(pp),+1.21,"[-1.97, +4.40]",2680,papers/P001_gender_screening/07_analysis/out/P00162.json,estimates.A_accounting_sample_end.gap_adj,papers/P001_gender_screening/06_code/p001_62_rank_accounting.py,1c3da0e65ff3cd56,valid
C722,Table4,평균 백분위 female_raw_pct,47.2475,"[+43.1, +51.4]",2680,papers/P001_gender_screening/07_analysis/out/P00162.json,estimates.A_accounting_sample_end.female_raw_pct.coef,papers/P001_gender_screening/06_code/p001_62_rank_accounting.py,1c3da0e65ff3cd56,valid
C723,Table4,평균 백분위 female_adj_pct,51.8402,"[+47.8, +56.0]",2680,papers/P001_gender_screening/07_analysis/out/P00162.json,estimates.A_accounting_sample_end.female_adj_pct.coef,papers/P001_gender_screening/06_code/p001_62_rank_accounting.py,1c3da0e65ff3cd56,valid
C724,Table4,평균 백분위 male_raw_pct,50.2313,"[+49.9, +50.6]",2680,papers/P001_gender_screening/07_analysis/out/P00162.json,estimates.A_accounting_sample_end.male_raw_pct.coef,papers/P001_gender_screening/06_code/p001_62_rank_accounting.py,1c3da0e65ff3cd56,valid
C725,Table4,평균 백분위 male_adj_pct,49.8789,"[+49.6, +50.2]",2680,papers/P001_gender_screening/07_analysis/out/P00162.json,estimates.A_accounting_sample_end.male_adj_pct.coef,papers/P001_gender_screening/06_code/p001_62_rank_accounting.py,1c3da0e65ff3cd56,valid
C726,Table4,"여성 이동, 연도 벤치마크",1.647,"[+0.62, +2.46]",2680,papers/P001_gender_screening/07_analysis/out/P00162.json,estimates.B_benchmark_levels_sample_end.year.female_shift.coef,papers/P001_gender_screening/06_code/p001_62_rank_accounting.py,1c3da0e65ff3cd56,valid
C727,Table4,"여성 이동, 연×단계 벤치마크",3.6798,"[+1.62, +5.85]",2680,papers/P001_gender_screening/07_analysis/out/P00162.json,estimates.B_benchmark_levels_sample_end.year_stage.female_shift.coef,papers/P001_gender_screening/06_code/p001_62_rank_accounting.py,1c3da0e65ff3cd56,valid
C728,Table4,"여성 이동, 36개월 출구(≤2020-10)",3.422,"[+1.56, +4.89]",4120,papers/P001_gender_screening/07_analysis/out/P00162.json,estimates.C_fixed_horizon.exit3_deals_to_2020_10.year_sector_stage.female_shift.coef,papers/P001_gender_screening/06_code/p001_62_rank_accounting.py,1c3da0e65ff3cd56,valid
C729,Table4,"여성 이동, 72개월 출구(≤2017-10)",2.9243,"[+0.73, +5.24]",2680,papers/P001_gender_screening/07_analysis/out/P00162.json,estimates.C_fixed_horizon.exit6_deals_to_2017_10.year_sector_stage.female_shift.coef,papers/P001_gender_screening/06_code/p001_62_rank_accounting.py,1c3da0e65ff3cd56,valid
C730,Table4,"여성 이동 CI, 벤치마크 재계산 부트",4.5927,"[+2.07, +7.18]",2680,papers/P001_gender_screening/07_analysis/out/P00162.json,estimates.D_benchmark_uncertainty.D2_benchmark_recomputed_each_replication.coef,papers/P001_gender_screening/06_code/p001_62_rank_accounting.py,1c3da0e65ff3cd56,valid
C731,Table4,CI 폭 비(재계산/고정),1.089,-,2680,papers/P001_gender_screening/07_analysis/out/P00162.json,estimates.D_benchmark_uncertainty.width_ratio_D2_over_D1,papers/P001_gender_screening/06_code/p001_62_rank_accounting.py,1c3da0e65ff3cd56,valid
C732,Table4,"여성 이동, 고유 라운드 벤치마크",4.6585,"[+2.55, +6.61]",2680,papers/P001_gender_screening/07_analysis/out/P00162.json,estimates.E_benchmark_variants.unique_round.female_shift.coef,papers/P001_gender_screening/06_code/p001_62_rank_accounting.py,1c3da0e65ff3cd56,valid
C733,Table4,"여성 이동, leave-company-out 벤치마크",5.1108,"[+3.01, +6.96]",2624,papers/P001_gender_screening/07_analysis/out/P00162.json,estimates.E_benchmark_variants.leave_company_out.female_shift.coef,papers/P001_gender_screening/06_code/p001_62_rank_accounting.py,1c3da0e65ff3cd56,valid
C734,Table4,셀 내 다중 귀속 라운드 비중,0.4706,-,-,papers/P001_gender_screening/07_analysis/out/P00162.json,estimates.E_rows_per_round_in_cells.share_rounds_multiply_attributed,papers/P001_gender_screening/06_code/p001_62_rank_accounting.py,1c3da0e65ff3cd56,valid
C735,Table4,회계 항등식 최대 오차,0e+00,-,-,papers/P001_gender_screening/07_analysis/out/P00162.json,estimates.A_identity_check_max_abs,papers/P001_gender_screening/06_code/p001_62_rank_accounting.py,1c3da0e65ff3cd56,valid
C736,Table2,공동귀속 d (L0_invyear),0.0204,-,38219,papers/P001_gender_screening/07_analysis/out/P00161.json,estimates.A_diagnostics_by_cell.L0_invyear.d_share_sxx_single_round,papers/P001_gender_screening/06_code/p001_61_matching_coattribution.py,5dccce2cca695fed,valid
C737,Table2,"β_multi (L0_invyear, pp)",+7.165,-,37753,papers/P001_gender_screening/07_analysis/out/P00161.json,estimates.A_diagnostics_by_cell.L0_invyear.beta_multi_pp,papers/P001_gender_screening/06_code/p001_61_matching_coattribution.py,5dccce2cca695fed,valid
C738,Table2,혼합 셀의 고유 라운드 수 (L0_invyear),25666,-,3686,papers/P001_gender_screening/07_analysis/out/P00161.json,estimates.A_diagnostics_by_cell.L0_invyear.n_unique_rounds_mixed,papers/P001_gender_screening/06_code/p001_61_matching_coattribution.py,5dccce2cca695fed,valid
C739,Table2,혼합 셀 중 단일 라운드 셀 비중 (L0_invyear),0.0589,-,3686,papers/P001_gender_screening/07_analysis/out/P00161.json,estimates.A_diagnostics_by_cell.L0_invyear.share_single_round_cells,papers/P001_gender_screening/06_code/p001_61_matching_coattribution.py,5dccce2cca695fed,valid
C740,Table2,"공통 support 계수 (L0_invyear, pp)",+1.625,"[+0.490, +2.820]",9256,papers/P001_gender_screening/07_analysis/out/P00161.json,estimates.C_common_support_ladder.L0_invyear.coef_pp,papers/P001_gender_screening/06_code/p001_61_matching_coattribution.py,5dccce2cca695fed,valid
C741,Table2,"원 표본 계수, 공유 추첨 (L0_invyear, pp)",+7.019,"[+5.810, +8.370]",126128,papers/P001_gender_screening/07_analysis/out/P00161.json,estimates.B_original_ladder.L0_invyear.coef_pp,papers/P001_gender_screening/06_code/p001_61_matching_coattribution.py,5dccce2cca695fed,valid
C742,Table2,공동귀속 d (L1_pluscat),0.1912,-,15666,papers/P001_gender_screening/07_analysis/out/P00161.json,estimates.A_diagnostics_by_cell.L1_pluscat.d_share_sxx_single_round,papers/P001_gender_screening/06_code/p001_61_matching_coattribution.py,5dccce2cca695fed,valid
C743,Table2,"β_multi (L1_pluscat, pp)",+3.984,-,13223,papers/P001_gender_screening/07_analysis/out/P00161.json,estimates.A_diagnostics_by_cell.L1_pluscat.beta_multi_pp,papers/P001_gender_screening/06_code/p001_61_matching_coattribution.py,5dccce2cca695fed,valid
C744,Table2,혼합 셀의 고유 라운드 수 (L1_pluscat),10515,-,3871,papers/P001_gender_screening/07_analysis/out/P00161.json,estimates.A_diagnostics_by_cell.L1_pluscat.n_unique_rounds_mixed,papers/P001_gender_screening/06_code/p001_61_matching_coattribution.py,5dccce2cca695fed,valid
C745,Table2,혼합 셀 중 단일 라운드 셀 비중 (L1_pluscat),0.2836,-,3871,papers/P001_gender_screening/07_analysis/out/P00161.json,estimates.A_diagnostics_by_cell.L1_pluscat.share_single_round_cells,papers/P001_gender_screening/06_code/p001_61_matching_coattribution.py,5dccce2cca695fed,valid
C746,Table2,"공통 support 계수 (L1_pluscat, pp)",+0.873,"[-0.340, +2.090]",9256,papers/P001_gender_screening/07_analysis/out/P00161.json,estimates.C_common_support_ladder.L1_pluscat.coef_pp,papers/P001_gender_screening/06_code/p001_61_matching_coattribution.py,5dccce2cca695fed,valid
C747,Table2,"원 표본 계수, 공유 추첨 (L1_pluscat, pp)",+3.222,"[+1.910, +4.640]",126128,papers/P001_gender_screening/07_analysis/out/P00161.json,estimates.B_original_ladder.L1_pluscat.coef_pp,papers/P001_gender_screening/06_code/p001_61_matching_coattribution.py,5dccce2cca695fed,valid
C748,Table2,공동귀속 d (L2_plusstage),0.4445,-,9256,papers/P001_gender_screening/07_analysis/out/P00161.json,estimates.A_diagnostics_by_cell.L2_plusstage.d_share_sxx_single_round,papers/P001_gender_screening/06_code/p001_61_matching_coattribution.py,5dccce2cca695fed,valid
C749,Table2,"β_multi (L2_plusstage, pp)",+1.134,-,5425,papers/P001_gender_screening/07_analysis/out/P00161.json,estimates.A_diagnostics_by_cell.L2_plusstage.beta_multi_pp,papers/P001_gender_screening/06_code/p001_61_matching_coattribution.py,5dccce2cca695fed,valid
C750,Table2,혼합 셀의 고유 라운드 수 (L2_plusstage),5801,-,3206,papers/P001_gender_screening/07_analysis/out/P00161.json,estimates.A_diagnostics_by_cell.L2_plusstage.n_unique_rounds_mixed,papers/P001_gender_screening/06_code/p001_61_matching_coattribution.py,5dccce2cca695fed,valid
C751,Table2,혼합 셀 중 단일 라운드 셀 비중 (L2_plusstage),0.5293,-,3206,papers/P001_gender_screening/07_analysis/out/P00161.json,estimates.A_diagnostics_by_cell.L2_plusstage.share_single_round_cells,papers/P001_gender_screening/06_code/p001_61_matching_coattribution.py,5dccce2cca695fed,valid
C752,Table2,"공통 support 계수 (L2_plusstage, pp)",+0.630,"[-0.620, +1.830]",9256,papers/P001_gender_screening/07_analysis/out/P00161.json,estimates.C_common_support_ladder.L2_plusstage.coef_pp,papers/P001_gender_screening/06_code/p001_61_matching_coattribution.py,5dccce2cca695fed,valid
C753,Table2,"원 표본 계수, 공유 추첨 (L2_plusstage, pp)",+0.630,"[-0.490, +1.920]",126128,papers/P001_gender_screening/07_analysis/out/P00161.json,estimates.B_original_ladder.L2_plusstage.coef_pp,papers/P001_gender_screening/06_code/p001_61_matching_coattribution.py,5dccce2cca695fed,valid
C754,Table2,"L0→L2 감소, 원 표본(pp)",+6.389,"[+4.970, +7.930]",-,papers/P001_gender_screening/07_analysis/out/P00161.json,estimates.B_original_ladder.drop_L0_to_L2_pp.coef_pp,papers/P001_gender_screening/06_code/p001_61_matching_coattribution.py,5dccce2cca695fed,valid
C755,Table2,"L0→L2 감소, 공통 support(pp)",+0.994,"[+0.410, +1.510]",-,papers/P001_gender_screening/07_analysis/out/P00161.json,estimates.C_common_support_ladder.drop_L0_to_L2_pp.coef_pp,papers/P001_gender_screening/06_code/p001_61_matching_coattribution.py,5dccce2cca695fed,valid
C756,Table2,공통 support rows,9256,-,-,papers/P001_gender_screening/07_analysis/out/P00161.json,estimates.C_common_support_ladder.support.rows,papers/P001_gender_screening/06_code/p001_61_matching_coattribution.py,5dccce2cca695fed,valid
C757,Table2,공통 support share_of_rows,0.0734,-,-,papers/P001_gender_screening/07_analysis/out/P00161.json,estimates.C_common_support_ladder.support.share_of_rows,papers/P001_gender_screening/06_code/p001_61_matching_coattribution.py,5dccce2cca695fed,valid
C758,Table2,공통 support unique_rounds,5801,-,-,papers/P001_gender_screening/07_analysis/out/P00161.json,estimates.C_common_support_ladder.support.unique_rounds,papers/P001_gender_screening/06_code/p001_61_matching_coattribution.py,5dccce2cca695fed,valid
C759,Table2,공통 support unique_companies,4495,-,-,papers/P001_gender_screening/07_analysis/out/P00161.json,estimates.C_common_support_ladder.support.unique_companies,papers/P001_gender_screening/06_code/p001_61_matching_coattribution.py,5dccce2cca695fed,valid
C760,Table2,공통 support cells_stage_mixed,3206,-,-,papers/P001_gender_screening/07_analysis/out/P00161.json,estimates.C_common_support_ladder.support.cells_stage_mixed,papers/P001_gender_screening/06_code/p001_61_matching_coattribution.py,5dccce2cca695fed,valid
C761,Table1,표본 카운트 unique_rounds,84079,-,-,papers/P001_gender_screening/07_analysis/out/P00100.json,estimates.unique_rounds,papers/P001_gender_screening/06_code/p001_00_sample_counts.py,,valid
C762,Table1,표본 카운트 unique_companies,47173,-,-,papers/P001_gender_screening/07_analysis/out/P00100.json,estimates.unique_companies,papers/P001_gender_screening/06_code/p001_00_sample_counts.py,,valid
C763,Table1,표본 카운트 unique_investor_firms,14963,-,-,papers/P001_gender_screening/07_analysis/out/P00100.json,estimates.unique_investor_firms,papers/P001_gender_screening/06_code/p001_00_sample_counts.py,,valid
C764,Table1,표본 카운트 unique_partners,29551,-,-,papers/P001_gender_screening/07_analysis/out/P00100.json,estimates.unique_partners,papers/P001_gender_screening/06_code/p001_00_sample_counts.py,,valid
C765,Table1,표본 카운트 excluded_pre_exit_rows,1111,-,-,papers/P001_gender_screening/07_analysis/out/P00100.json,estimates.excluded_pre_exit_rows,papers/P001_gender_screening/06_code/p001_00_sample_counts.py,,valid
C766,Table1,표본 카운트 excluded_pre_exit_rows_naeu,933,-,-,papers/P001_gender_screening/07_analysis/out/P00100.json,estimates.excluded_pre_exit_rows_naeu,papers/P001_gender_screening/06_code/p001_00_sample_counts.py,,valid
C767,Table1,표본 카운트 v1_rows,154123,-,-,papers/P001_gender_screening/07_analysis/out/P00100.json,estimates.v1_rows,papers/P001_gender_screening/06_code/p001_00_sample_counts.py,,valid
C768,Table1,투자자 유형 share_deals_vc_type_naeu,0.8683,-,-,papers/P001_gender_screening/07_analysis/out/P00163.json,estimates.A_investor_types.share_deals_vc_type_naeu,papers/P001_gender_screening/06_code/p001_63_vc_population_check.py,9bafdf501e0a0cc3,valid
C769,Table1,투자자 유형 share_partners_at_vc_type_firms,0.7193,-,-,papers/P001_gender_screening/07_analysis/out/P00163.json,estimates.A_investor_types.share_partners_at_vc_type_firms,papers/P001_gender_screening/06_code/p001_63_vc_population_check.py,9bafdf501e0a0cc3,valid
C770,Table1,투자자 유형 share_deals_missing_type_naeu,0.0214,-,-,papers/P001_gender_screening/07_analysis/out/P00163.json,estimates.A_investor_types.share_deals_missing_type_naeu,papers/P001_gender_screening/06_code/p001_63_vc_population_check.py,9bafdf501e0a0cc3,valid
C771,Table1,파트너 직책 보유 비중(쌍),0.3949,-,27981,papers/P001_gender_screening/07_analysis/out/P00163.json,estimates.B_partner_titles.share_any_partner_title_pairs,papers/P001_gender_screening/06_code/p001_63_vc_population_check.py,9bafdf501e0a0cc3,valid
C772,Table1,직무 기록 없는 쌍 비중,0.2502,-,27981,papers/P001_gender_screening/07_analysis/out/P00163.json,estimates.B_partner_titles.share_by_bucket_pairs.no job record at the firm,papers/P001_gender_screening/06_code/p001_63_vc_population_check.py,9bafdf501e0a0cc3,valid
C773,TableIA8,VC 한정 matching_cell0 (pp),+7.040,"[+5.550, +8.580]",35232,papers/P001_gender_screening/07_analysis/out/P00163.json,estimates.C_vc_only_key_results.matching_cell0.coef_pp,papers/P001_gender_screening/06_code/p001_63_vc_population_check.py,9bafdf501e0a0cc3,valid
C774,TableIA8,VC 한정 matching_cell_stage (pp),+0.669,"[-0.600, +1.930]",8461,papers/P001_gender_screening/07_analysis/out/P00163.json,estimates.C_vc_only_key_results.matching_cell_stage.coef_pp,papers/P001_gender_screening/06_code/p001_63_vc_population_check.py,9bafdf501e0a0cc3,valid
C775,TableIA8,VC 한정 peer_exit_ever_2017_cell_cat_NAEU (pp),-4.797,"[-11.330, +0.180]",398,papers/P001_gender_screening/07_analysis/out/P00163.json,estimates.C_vc_only_key_results.peer_exit_ever_2017_cell_cat_NAEU.coef_pp,papers/P001_gender_screening/06_code/p001_63_vc_population_check.py,9bafdf501e0a0cc3,valid
C776,TableIA8,VC 한정 peer_exit_ever_2017_cell_cat_GLOBAL (pp),-6.725,"[-12.380, -0.820]",437,papers/P001_gender_screening/07_analysis/out/P00163.json,estimates.C_vc_only_key_results.peer_exit_ever_2017_cell_cat_GLOBAL.coef_pp,papers/P001_gender_screening/06_code/p001_63_vc_population_check.py,9bafdf501e0a0cc3,valid
C777,TableIA8,VC 한정 파트너 내 β_int exit3,+1.03,"[-1.57, +3.18]",45734,papers/P001_gender_screening/07_analysis/out/P00163.json,estimates.C_vc_only_key_results.within_partner_exit3_2020_no_controls.ffp,papers/P001_gender_screening/06_code/p001_63_vc_population_check.py,9bafdf501e0a0cc3,valid
C778,TableIA8,VC 한정 여성 순위 이동,3.95,"[+1.49, +6.53]",2459,papers/P001_gender_screening/07_analysis/out/P00163.json,estimates.C_vc_only_key_results.rank_shift_female_sample_end.coef,papers/P001_gender_screening/06_code/p001_63_vc_population_check.py,9bafdf501e0a0cc3,valid
C779,Table7,β_int exit5 (≤2017-10),-3.76,"[-9.10, +1.03]",28412,papers/P001_gender_screening/07_analysis/out/P00157.json,estimates.A_2017.exit5.ffp,papers/P001_gender_screening/06_code/p001_57_within_partner_horizon.py,9c74bd689e35f88c,valid
C780,Table7,β_FF exit5 (≤2017-10),-1.55,"[-3.13, -0.10]",28412,papers/P001_gender_screening/07_analysis/out/P00157.json,estimates.A_2017.exit5.ff,papers/P001_gender_screening/06_code/p001_57_within_partner_horizon.py,9c74bd689e35f88c,valid
C781,Table7,MDE80 β_int exit5,7.24,-,28412,papers/P001_gender_screening/07_analysis/out/P00157.json,estimates.A_2017.exit5.ffp,papers/P001_gender_screening/06_code/p001_57_within_partner_horizon.py,9c74bd689e35f88c,valid
C782,Table7,β_int exit8 (≤2017-10),-4.13,"[-8.80, +0.93]",28412,papers/P001_gender_screening/07_analysis/out/P00157.json,estimates.A_2017.exit8.ffp,papers/P001_gender_screening/06_code/p001_57_within_partner_horizon.py,9c74bd689e35f88c,valid
C783,Table7,β_FF exit8 (≤2017-10),-2.32,"[-4.09, -0.58]",28412,papers/P001_gender_screening/07_analysis/out/P00157.json,estimates.A_2017.exit8.ff,papers/P001_gender_screening/06_code/p001_57_within_partner_horizon.py,9c74bd689e35f88c,valid
C784,Table7,MDE80 β_int exit8,7.15,-,28412,papers/P001_gender_screening/07_analysis/out/P00157.json,estimates.A_2017.exit8.ffp,papers/P001_gender_screening/06_code/p001_57_within_partner_horizon.py,9c74bd689e35f88c,valid
C785,Table7,지평 차이 exit5_minus_exit3 (짝지은 추첨),-2.28,"[-5.73, +0.56]",400,papers/P001_gender_screening/07_analysis/out/P00157.json,estimates.A_horizon_differences_same_draws.exit5_minus_exit3,papers/P001_gender_screening/06_code/p001_57_within_partner_horizon.py,9c74bd689e35f88c,valid
C786,Table7,지평 차이 exit6_minus_exit3 (짝지은 추첨),-2.93,"[-6.94, +0.53]",400,papers/P001_gender_screening/07_analysis/out/P00157.json,estimates.A_horizon_differences_same_draws.exit6_minus_exit3,papers/P001_gender_screening/06_code/p001_57_within_partner_horizon.py,9c74bd689e35f88c,valid
C787,Table7,지평 차이 exit8_minus_exit3 (짝지은 추첨),-2.66,"[-7.20, +1.79]",400,papers/P001_gender_screening/07_analysis/out/P00157.json,estimates.A_horizon_differences_same_draws.exit8_minus_exit3,papers/P001_gender_screening/06_code/p001_57_within_partner_horizon.py,9c74bd689e35f88c,valid
C788,Table7,지평 차이 exit_ever_minus_exit3 (짝지은 추첨),-5.29,"[-11.01, +0.26]",400,papers/P001_gender_screening/07_analysis/out/P00157.json,estimates.A_horizon_differences_same_draws.exit_ever_minus_exit3,papers/P001_gender_screening/06_code/p001_57_within_partner_horizon.py,9c74bd689e35f88c,valid
C789,Table7,지평 차이 exit_ever_minus_exit8 (짝지은 추첨),-2.63,"[-5.69, +0.29]",400,papers/P001_gender_screening/07_analysis/out/P00157.json,estimates.A_horizon_differences_same_draws.exit_ever_minus_exit8,papers/P001_gender_screening/06_code/p001_57_within_partner_horizon.py,9c74bd689e35f88c,valid
C790,Table7,two-way FE β_int exit3_2020,+0.67,"[-1.77, +3.07]",49583,papers/P001_gender_screening/07_analysis/out/P00157.json,estimates.C_twoway_FE.exit3_2020.ffp,papers/P001_gender_screening/06_code/p001_57_within_partner_horizon.py,9c74bd689e35f88c,valid
C791,Table7,two-way FE β_FF exit3_2020,-2.82,"[-3.77, -1.90]",49583,papers/P001_gender_screening/07_analysis/out/P00157.json,estimates.C_twoway_FE.exit3_2020.ff,papers/P001_gender_screening/06_code/p001_57_within_partner_horizon.py,9c74bd689e35f88c,valid
C792,Table7,two-way FE MDE80 exit3_2020,3.53,-,49583,papers/P001_gender_screening/07_analysis/out/P00157.json,estimates.C_twoway_FE.exit3_2020.ffp,papers/P001_gender_screening/06_code/p001_57_within_partner_horizon.py,9c74bd689e35f88c,valid
C793,Table7,two-way FE 파트너 수 exit3_2020,3418,-,49583,papers/P001_gender_screening/07_analysis/out/P00157.json,estimates.C_twoway_FE.exit3_2020.n_partners,papers/P001_gender_screening/06_code/p001_57_within_partner_horizon.py,9c74bd689e35f88c,valid
C794,Table7,two-way FE β_int exit_ever_2017,-5.71,"[-12.18, -0.01]",28412,papers/P001_gender_screening/07_analysis/out/P00157.json,estimates.C_twoway_FE.exit_ever_2017.ffp,papers/P001_gender_screening/06_code/p001_57_within_partner_horizon.py,9c74bd689e35f88c,valid
C795,Table7,two-way FE β_FF exit_ever_2017,-2.43,"[-4.65, -0.40]",28412,papers/P001_gender_screening/07_analysis/out/P00157.json,estimates.C_twoway_FE.exit_ever_2017.ff,papers/P001_gender_screening/06_code/p001_57_within_partner_horizon.py,9c74bd689e35f88c,valid
C796,Table7,two-way FE MDE80 exit_ever_2017,8.66,-,28412,papers/P001_gender_screening/07_analysis/out/P00157.json,estimates.C_twoway_FE.exit_ever_2017.ffp,papers/P001_gender_screening/06_code/p001_57_within_partner_horizon.py,9c74bd689e35f88c,valid
C797,Table7,two-way FE 파트너 수 exit_ever_2017,1983,-,28412,papers/P001_gender_screening/07_analysis/out/P00157.json,estimates.C_twoway_FE.exit_ever_2017.n_partners,papers/P001_gender_screening/06_code/p001_57_within_partner_horizon.py,9c74bd689e35f88c,valid
C798,Table7,분할표본 β_int 2010–14,-10.12,"[-17.13, -2.57]",15124,papers/P001_gender_screening/07_analysis/out/P00160.json,estimates.B_vintage_contrast.exit_ever_2017.split_sample.beta_int_2010_14,papers/P001_gender_screening/06_code/p001_60_review_reanalyses.py,12519b529b4ee960,valid
C799,Table7,분할표본 β_int 2015–17,-3.37,"[-10.62, +3.13]",12871,papers/P001_gender_screening/07_analysis/out/P00160.json,estimates.B_vintage_contrast.exit_ever_2017.split_sample.beta_int_2015_17,papers/P001_gender_screening/06_code/p001_60_review_reanalyses.py,12519b529b4ee960,valid
C800,Table7,분할표본 차이(독립 추첨),+6.75,"[-3.29, +16.33]",27995,papers/P001_gender_screening/07_analysis/out/P00160.json,estimates.B_vintage_contrast.exit_ever_2017.split_sample.difference_2015_17_minus_2010_14_independent_draws,papers/P001_gender_screening/06_code/p001_60_review_reanalyses.py,12519b529b4ee960,valid
C801,Table8,Mundlak baseline_partial_mundlak dev_terrain,-0.02433,"[-0.269, +0.228]",2009,papers/P001_gender_screening/07_analysis/out/P00160.json,estimates.D_mundlak_extended.baseline_partial_mundlak.dev_terrain.coef,papers/P001_gender_screening/06_code/p001_60_review_reanalyses.py,12519b529b4ee960,valid
C802,Table8,Mundlak baseline_partial_mundlak fm_terrain,0.44687,"[+0.193, +0.678]",2009,papers/P001_gender_screening/07_analysis/out/P00160.json,estimates.D_mundlak_extended.baseline_partial_mundlak.fm_terrain.coef,papers/P001_gender_screening/06_code/p001_60_review_reanalyses.py,12519b529b4ee960,valid
C803,Table8,Mundlak baseline_partial_mundlak contrast_dev_minus_fm,-0.4712,"[-0.806, -0.129]",2009,papers/P001_gender_screening/07_analysis/out/P00160.json,estimates.D_mundlak_extended.baseline_partial_mundlak.contrast_dev_minus_fm.coef,papers/P001_gender_screening/06_code/p001_60_review_reanalyses.py,12519b529b4ee960,valid
C804,Table8,Mundlak full_mundlak_adj_lnn dev_terrain,-0.02065,"[-0.260, +0.248]",2009,papers/P001_gender_screening/07_analysis/out/P00160.json,estimates.D_mundlak_extended.full_mundlak_adj_lnn.dev_terrain.coef,papers/P001_gender_screening/06_code/p001_60_review_reanalyses.py,12519b529b4ee960,valid
C805,Table8,Mundlak full_mundlak_adj_lnn fm_terrain,0.43988,"[+0.166, +0.687]",2009,papers/P001_gender_screening/07_analysis/out/P00160.json,estimates.D_mundlak_extended.full_mundlak_adj_lnn.fm_terrain.coef,papers/P001_gender_screening/06_code/p001_60_review_reanalyses.py,12519b529b4ee960,valid
C806,Table8,Mundlak full_mundlak_adj_lnn contrast_dev_minus_fm,-0.46053,"[-0.766, -0.100]",2009,papers/P001_gender_screening/07_analysis/out/P00160.json,estimates.D_mundlak_extended.full_mundlak_adj_lnn.contrast_dev_minus_fm.coef,papers/P001_gender_screening/06_code/p001_60_review_reanalyses.py,12519b529b4ee960,valid
C807,Table8,Mundlak full_mundlak_all_within_between dev_terrain,-0.0362,"[-0.343, +0.218]",2009,papers/P001_gender_screening/07_analysis/out/P00160.json,estimates.D_mundlak_extended.full_mundlak_all_within_between.dev_terrain.coef,papers/P001_gender_screening/06_code/p001_60_review_reanalyses.py,12519b529b4ee960,valid
C808,Table8,Mundlak full_mundlak_all_within_between fm_terrain,0.45958,"[+0.166, +0.703]",2009,papers/P001_gender_screening/07_analysis/out/P00160.json,estimates.D_mundlak_extended.full_mundlak_all_within_between.fm_terrain.coef,papers/P001_gender_screening/06_code/p001_60_review_reanalyses.py,12519b529b4ee960,valid
C809,Table8,Mundlak full_mundlak_all_within_between contrast_dev_minus_fm,-0.49578,"[-0.852, -0.113]",2009,papers/P001_gender_screening/07_analysis/out/P00160.json,estimates.D_mundlak_extended.full_mundlak_all_within_between.contrast_dev_minus_fm.coef,papers/P001_gender_screening/06_code/p001_60_review_reanalyses.py,12519b529b4ee960,valid
C810,Table8,Mundlak full_mundlak_adj_lnn dev_adj,0.08115,"[-0.055, +0.237]",2009,papers/P001_gender_screening/07_analysis/out/P00160.json,estimates.D_mundlak_extended.full_mundlak_adj_lnn.dev_adj.coef,papers/P001_gender_screening/06_code/p001_60_review_reanalyses.py,12519b529b4ee960,valid
C811,Table8,Mundlak full_mundlak_adj_lnn fm_adj,0.20325,"[+0.063, +0.354]",2009,papers/P001_gender_screening/07_analysis/out/P00160.json,estimates.D_mundlak_extended.full_mundlak_adj_lnn.fm_adj.coef,papers/P001_gender_screening/06_code/p001_60_review_reanalyses.py,12519b529b4ee960,valid
C812,Table8,"corr(firm-mean component, firm-mean adjusted)",+0.0864,-,2654,papers/P001_gender_screening/07_analysis/out/P00160.json,estimates.D_mundlak_extended.corr_fm_terrain_fm_adj,papers/P001_gender_screening/06_code/p001_60_review_reanalyses.py,12519b529b4ee960,valid
C813,Table7,카운트 exit3 deals_eligible,49898,-,-,papers/P001_gender_screening/07_analysis/out/P00160.json,estimates.A_female_own_gap.exit3.counts.deals_eligible,papers/P001_gender_screening/06_code/p001_60_review_reanalyses.py,12519b529b4ee960,valid
C814,Table7,카운트 exit3 deals_estimation,49583,-,-,papers/P001_gender_screening/07_analysis/out/P00160.json,estimates.A_female_own_gap.exit3.counts.deals_estimation,papers/P001_gender_screening/06_code/p001_60_review_reanalyses.py,12519b529b4ee960,valid
C815,Table7,카운트 exit3 deals_dropped_singleton_benchmark_cell,303,-,-,papers/P001_gender_screening/07_analysis/out/P00160.json,estimates.A_female_own_gap.exit3.counts.deals_dropped_singleton_benchmark_cell,papers/P001_gender_screening/06_code/p001_60_review_reanalyses.py,12519b529b4ee960,valid
C816,Table7,카운트 exit3 deals_dropped_single_row_partner,12,-,-,papers/P001_gender_screening/07_analysis/out/P00160.json,estimates.A_female_own_gap.exit3.counts.deals_dropped_single_row_partner,papers/P001_gender_screening/06_code/p001_60_review_reanalyses.py,12519b529b4ee960,valid
C817,Table7,카운트 exit3 partners_eligible,3432,-,-,papers/P001_gender_screening/07_analysis/out/P00160.json,estimates.A_female_own_gap.exit3.counts.partners_eligible,papers/P001_gender_screening/06_code/p001_60_review_reanalyses.py,12519b529b4ee960,valid
C818,Table7,카운트 exit3 female_partners_eligible,416,-,-,papers/P001_gender_screening/07_analysis/out/P00160.json,estimates.A_female_own_gap.exit3.counts.female_partners_eligible,papers/P001_gender_screening/06_code/p001_60_review_reanalyses.py,12519b529b4ee960,valid
C819,Table7,카운트 exit3 partners_identifying,3406,-,-,papers/P001_gender_screening/07_analysis/out/P00160.json,estimates.A_female_own_gap.exit3.counts.partners_identifying,papers/P001_gender_screening/06_code/p001_60_review_reanalyses.py,12519b529b4ee960,valid
C820,Table7,카운트 exit3 female_partners_identifying,413,-,-,papers/P001_gender_screening/07_analysis/out/P00160.json,estimates.A_female_own_gap.exit3.counts.female_partners_identifying,papers/P001_gender_screening/06_code/p001_60_review_reanalyses.py,12519b529b4ee960,valid
C821,Table7,여성 자신 FF−other 격차 exit3,-2.21,"[-4.42, -0.05]",49583,papers/P001_gender_screening/07_analysis/out/P00160.json,estimates.A_female_own_gap.exit3.female_own_gap_ff_plus_ffp,papers/P001_gender_screening/06_code/p001_60_review_reanalyses.py,12519b529b4ee960,valid
C822,Table7,카운트 exit_ever deals_eligible,28609,-,-,papers/P001_gender_screening/07_analysis/out/P00160.json,estimates.A_female_own_gap.exit_ever.counts.deals_eligible,papers/P001_gender_screening/06_code/p001_60_review_reanalyses.py,12519b529b4ee960,valid
C823,Table7,카운트 exit_ever deals_estimation,28412,-,-,papers/P001_gender_screening/07_analysis/out/P00160.json,estimates.A_female_own_gap.exit_ever.counts.deals_estimation,papers/P001_gender_screening/06_code/p001_60_review_reanalyses.py,12519b529b4ee960,valid
C824,Table7,카운트 exit_ever deals_dropped_singleton_benchmark_cell,193,-,-,papers/P001_gender_screening/07_analysis/out/P00160.json,estimates.A_female_own_gap.exit_ever.counts.deals_dropped_singleton_benchmark_cell,papers/P001_gender_screening/06_code/p001_60_review_reanalyses.py,12519b529b4ee960,valid
C825,Table7,카운트 exit_ever deals_dropped_single_row_partner,4,-,-,papers/P001_gender_screening/07_analysis/out/P00160.json,estimates.A_female_own_gap.exit_ever.counts.deals_dropped_single_row_partner,papers/P001_gender_screening/06_code/p001_60_review_reanalyses.py,12519b529b4ee960,valid
C826,Table7,카운트 exit_ever partners_eligible,1988,-,-,papers/P001_gender_screening/07_analysis/out/P00160.json,estimates.A_female_own_gap.exit_ever.counts.partners_eligible,papers/P001_gender_screening/06_code/p001_60_review_reanalyses.py,12519b529b4ee960,valid
C827,Table7,카운트 exit_ever female_partners_eligible,204,-,-,papers/P001_gender_screening/07_analysis/out/P00160.json,estimates.A_female_own_gap.exit_ever.counts.female_partners_eligible,papers/P001_gender_screening/06_code/p001_60_review_reanalyses.py,12519b529b4ee960,valid
C828,Table7,카운트 exit_ever partners_identifying,1976,-,-,papers/P001_gender_screening/07_analysis/out/P00160.json,estimates.A_female_own_gap.exit_ever.counts.partners_identifying,papers/P001_gender_screening/06_code/p001_60_review_reanalyses.py,12519b529b4ee960,valid
C829,Table7,카운트 exit_ever female_partners_identifying,203,-,-,papers/P001_gender_screening/07_analysis/out/P00160.json,estimates.A_female_own_gap.exit_ever.counts.female_partners_identifying,papers/P001_gender_screening/06_code/p001_60_review_reanalyses.py,12519b529b4ee960,valid
C830,Table7,여성 자신 FF−other 격차 exit_ever,-8.62,"[-13.83, -3.23]",28412,papers/P001_gender_screening/07_analysis/out/P00160.json,estimates.A_female_own_gap.exit_ever.female_own_gap_ff_plus_ffp,papers/P001_gender_screening/06_code/p001_60_review_reanalyses.py,12519b529b4ee960,valid
C831,Table7,카운트 fon deals_eligible,49898,-,-,papers/P001_gender_screening/07_analysis/out/P00160.json,estimates.A_female_own_gap.fon.counts.deals_eligible,papers/P001_gender_screening/06_code/p001_60_review_reanalyses.py,12519b529b4ee960,valid
C832,Table7,카운트 fon deals_estimation,49583,-,-,papers/P001_gender_screening/07_analysis/out/P00160.json,estimates.A_female_own_gap.fon.counts.deals_estimation,papers/P001_gender_screening/06_code/p001_60_review_reanalyses.py,12519b529b4ee960,valid
C833,Table7,카운트 fon deals_dropped_singleton_benchmark_cell,303,-,-,papers/P001_gender_screening/07_analysis/out/P00160.json,estimates.A_female_own_gap.fon.counts.deals_dropped_singleton_benchmark_cell,papers/P001_gender_screening/06_code/p001_60_review_reanalyses.py,12519b529b4ee960,valid
C834,Table7,카운트 fon deals_dropped_single_row_partner,12,-,-,papers/P001_gender_screening/07_analysis/out/P00160.json,estimates.A_female_own_gap.fon.counts.deals_dropped_single_row_partner,papers/P001_gender_screening/06_code/p001_60_review_reanalyses.py,12519b529b4ee960,valid
C835,Table7,카운트 fon partners_eligible,3432,-,-,papers/P001_gender_screening/07_analysis/out/P00160.json,estimates.A_female_own_gap.fon.counts.partners_eligible,papers/P001_gender_screening/06_code/p001_60_review_reanalyses.py,12519b529b4ee960,valid
C836,Table7,카운트 fon female_partners_eligible,416,-,-,papers/P001_gender_screening/07_analysis/out/P00160.json,estimates.A_female_own_gap.fon.counts.female_partners_eligible,papers/P001_gender_screening/06_code/p001_60_review_reanalyses.py,12519b529b4ee960,valid
C837,Table7,카운트 fon partners_identifying,3406,-,-,papers/P001_gender_screening/07_analysis/out/P00160.json,estimates.A_female_own_gap.fon.counts.partners_identifying,papers/P001_gender_screening/06_code/p001_60_review_reanalyses.py,12519b529b4ee960,valid
C838,Table7,카운트 fon female_partners_identifying,413,-,-,papers/P001_gender_screening/07_analysis/out/P00160.json,estimates.A_female_own_gap.fon.counts.female_partners_identifying,papers/P001_gender_screening/06_code/p001_60_review_reanalyses.py,12519b529b4ee960,valid
C839,Table7,여성 자신 FF−other 격차 fon,-1.48,"[-4.39, +1.74]",49583,papers/P001_gender_screening/07_analysis/out/P00160.json,estimates.A_female_own_gap.fon.female_own_gap_ff_plus_ffp,papers/P001_gender_screening/06_code/p001_60_review_reanalyses.py,12519b529b4ee960,valid
C840,IA.1,v1 구축(벤더 기록 그대로) 파트너 내 β_int exit3,+0.48,"[-1.87, +2.73]",49835,papers/P001_gender_screening/07_analysis/out/P00160_v1.json,estimates.C_post_deal_exit_rule.within_partner_exit3.original,papers/P001_gender_screening/06_code/p001_60_review_reanalyses.py,6a4ac9ac4b558c05,valid
C841,IA.1,v1 구축 파트너 내 β_int exit_ever,-6.51,"[-12.11, -0.78]",28556,papers/P001_gender_screening/07_analysis/out/P00160_v1.json,estimates.C_post_deal_exit_rule.within_partner_exit_ever.original,papers/P001_gender_screening/06_code/p001_60_review_reanalyses.py,6a4ac9ac4b558c05,valid
C842,IA.1,v1 구축 동류 비교 GLOBAL,-6.25,"[-11.71, -1.62]",478,papers/P001_gender_screening/07_analysis/out/P00160_v1.json,estimates.C_post_deal_exit_rule.table3_peer_GLOBAL.original.fp,papers/P001_gender_screening/06_code/p001_60_review_reanalyses.py,6a4ac9ac4b558c05,valid
C843,IA.1,v1 구축 동류 비교 NAEU,-4.55,"[-9.33, +0.71]",430,papers/P001_gender_screening/07_analysis/out/P00160_v1.json,estimates.C_post_deal_exit_rule.table3_peer_NAEU.original.fp,papers/P001_gender_screening/06_code/p001_60_review_reanalyses.py,6a4ac9ac4b558c05,valid
C844,IA.1,v1 구축 여성 순위 이동(P001-05 v1),+4.43,"[+2.13, +6.77]",2686,papers/P001_gender_screening/07_analysis/out/P00105_v1.json,estimates.pct_diff_female.0,papers/P001_gender_screening/06_code/p001_05_trackrecord.py,98d38a101a757eee,valid
C845,IA.1,v1 구축 pre-deal exit rows NAEU,933,-,-,papers/P001_gender_screening/07_analysis/out/P00160_v1.json,estimates.C_post_deal_exit_rule.pre_deal_exit_records.n_rows_naeu,papers/P001_gender_screening/06_code/p001_60_review_reanalyses.py,6a4ac9ac4b558c05,valid
C846,IA.1,모집단 규칙 제외 카운트 excluded_same_day,85,-,-,papers/P001_gender_screening/07_analysis/out/P00160.json,estimates.C_post_deal_exit_rule.population_rule_sample_v2.manifest.canonical_sample.excluded_same_day,papers/P001_gender_screening/06_code/p001_60_review_reanalyses.py,12519b529b4ee960,valid
C847,IA.1,모집단 규칙 제외 카운트 excluded_first_exit_is_acquisition,979,-,-,papers/P001_gender_screening/07_analysis/out/P00160.json,estimates.C_post_deal_exit_rule.population_rule_sample_v2.manifest.canonical_sample.excluded_first_exit_is_acquisition,papers/P001_gender_screening/06_code/p001_60_review_reanalyses.py,12519b529b4ee960,valid
C848,IA.1,모집단 규칙 제외 카운트 excluded_first_exit_is_ipo,132,-,-,papers/P001_gender_screening/07_analysis/out/P00160.json,estimates.C_post_deal_exit_rule.population_rule_sample_v2.manifest.canonical_sample.excluded_first_exit_is_ipo,papers/P001_gender_screening/06_code/p001_60_review_reanalyses.py,12519b529b4ee960,valid
C849,IA.1,모집단 규칙 제외 카운트 excluded_rows_with_a_later_distinct_exit_event,336,-,-,papers/P001_gender_screening/07_analysis/out/P00160.json,estimates.C_post_deal_exit_rule.population_rule_sample_v2.manifest.canonical_sample.excluded_rows_with_a_later_distinct_exit_event,papers/P001_gender_screening/06_code/p001_60_review_reanalyses.py,12519b529b4ee960,valid
